no,style_family,internal_name,name_local,gallery_name_raw,gallery_name_mos,source_workbook
1,淡色,TableStyleLight1,テーブル スタイル (淡色) 1,"白, テーブル スタイル (淡色) 1",白、テーブルスタイル（淡色）1,C:\Users\kouza\Desktop\MOS_類題_再作成_セット1_配送管理.xlsx
2,淡色,TableStyleLight2,テーブル スタイル (淡色) 2,"白, テーブル スタイル (淡色) 2",白、テーブルスタイル（淡色）2,C:\Users\kouza\Desktop\MOS_類題_再作成_セット1_配送管理.xlsx
3,淡色,TableStyleLight3,テーブル スタイル (淡色) 3,"白, テーブル スタイル (淡色) 3",白、テーブルスタイル（淡色）3,C:\Users\kouza\Desktop\MOS_類題_再作成_セット1_配送管理.xlsx
4,淡色,TableStyleLight4,テーブル スタイル (淡色) 4,"白, テーブル スタイル (淡色) 4",白、テーブルスタイル（淡色）4,C:\Users\kouza\Desktop\MOS_類題_再作成_セット1_配送管理.xlsx
5,淡色,TableStyleLight5,テーブル スタイル (淡色) 5,"白, テーブル スタイル (淡色) 5",白、テーブルスタイル（淡色）5,C:\Users\kouza\Desktop\MOS_類題_再作成_セット1_配送管理.xlsx
6,淡色,TableStyleLight6,テーブル スタイル (淡色) 6,"白, テーブル スタイル (淡色) 6",白、テーブルスタイル（淡色）6,C:\Users\kouza\Desktop\MOS_類題_再作成_セット1_配送管理.xlsx
7,淡色,TableStyleLight7,テーブル スタイル (淡色) 7,"白, テーブル スタイル (淡色) 7",白、テーブルスタイル（淡色）7,C:\Users\kouza\Desktop\MOS_類題_再作成_セット1_配送管理.xlsx
8,淡色,TableStyleLight8,テーブル スタイル (淡色) 8,"白, テーブル スタイル (淡色) 8",白、テーブルスタイル（淡色）8,C:\Users\kouza\Desktop\MOS_類題_再作成_セット1_配送管理.xlsx
9,淡色,TableStyleLight9,テーブル スタイル (淡色) 9,"青, テーブル スタイル (淡色) 9",青、テーブルスタイル（淡色）9,C:\Users\kouza\Desktop\MOS_類題_再作成_セット1_配送管理.xlsx
10,淡色,TableStyleLight10,テーブル スタイル (淡色) 10,"赤, テーブル スタイル (淡色) 10",赤、テーブルスタイル（淡色）10,C:\Users\kouza\Desktop\MOS_類題_再作成_セット1_配送管理.xlsx
11,淡色,TableStyleLight11,テーブル スタイル (淡色) 11,"オリーブ, テーブル スタイル (淡色) 11",オリーブ、テーブルスタイル（淡色）11,C:\Users\kouza\Desktop\MOS_類題_再作成_セット1_配送管理.xlsx
12,淡色,TableStyleLight12,テーブル スタイル (淡色) 12,"紫, テーブル スタイル (淡色) 12",紫、テーブルスタイル（淡色）12,C:\Users\kouza\Desktop\MOS_類題_再作成_セット1_配送管理.xlsx
13,淡色,TableStyleLight13,テーブル スタイル (淡色) 13,"アクア, テーブル スタイル (淡色) 13",アクア、テーブルスタイル（淡色）13,C:\Users\kouza\Desktop\MOS_類題_再作成_セット1_配送管理.xlsx
14,淡色,TableStyleLight14,テーブル スタイル (淡色) 14,"オレンジ, テーブル スタイル (淡色) 14",オレンジ、テーブルスタイル（淡色）14,C:\Users\kouza\Desktop\MOS_類題_再作成_セット1_配送管理.xlsx
15,淡色,TableStyleLight15,テーブル スタイル (淡色) 15,"白, テーブル スタイル (淡色) 15",白、テーブルスタイル（淡色）15,C:\Users\kouza\Desktop\MOS_類題_再作成_セット1_配送管理.xlsx
16,淡色,TableStyleLight16,テーブル スタイル (淡色) 16,"白, テーブル スタイル (淡色) 16",白、テーブルスタイル（淡色）16,C:\Users\kouza\Desktop\MOS_類題_再作成_セット1_配送管理.xlsx
17,淡色,TableStyleLight17,テーブル スタイル (淡色) 17,"白, テーブル スタイル (淡色) 17",白、テーブルスタイル（淡色）17,C:\Users\kouza\Desktop\MOS_類題_再作成_セット1_配送管理.xlsx
18,淡色,TableStyleLight18,テーブル スタイル (淡色) 18,"白, テーブル スタイル (淡色) 18",白、テーブルスタイル（淡色）18,C:\Users\kouza\Desktop\MOS_類題_再作成_セット1_配送管理.xlsx
19,淡色,TableStyleLight19,テーブル スタイル (淡色) 19,"白, テーブル スタイル (淡色) 19",白、テーブルスタイル（淡色）19,C:\Users\kouza\Desktop\MOS_類題_再作成_セット1_配送管理.xlsx
20,淡色,TableStyleLight20,テーブル スタイル (淡色) 20,"白, テーブル スタイル (淡色) 20",白、テーブルスタイル（淡色）20,C:\Users\kouza\Desktop\MOS_類題_再作成_セット1_配送管理.xlsx
21,淡色,TableStyleLight21,テーブル スタイル (淡色) 21,"白, テーブル スタイル (淡色) 21",白、テーブルスタイル（淡色）21,C:\Users\kouza\Desktop\MOS_類題_再作成_セット1_配送管理.xlsx
22,中間,TableStyleMedium1,テーブル スタイル (中間) 1,"白, テーブル スタイル (中間) 1",白、テーブルスタイル（中間）1,C:\Users\kouza\Desktop\MOS_類題_再作成_セット1_配送管理.xlsx
23,中間,TableStyleMedium2,テーブル スタイル (中間) 2,"青, テーブル スタイル (中間) 2",青、テーブルスタイル（中間）2,C:\Users\kouza\Desktop\MOS_類題_再作成_セット1_配送管理.xlsx
24,中間,TableStyleMedium3,テーブル スタイル (中間) 3,"赤, テーブル スタイル (中間) 3",赤、テーブルスタイル（中間）3,C:\Users\kouza\Desktop\MOS_類題_再作成_セット1_配送管理.xlsx
25,中間,TableStyleMedium4,テーブル スタイル (中間) 4,"オリーブ, テーブル スタイル (中間) 4",オリーブ、テーブルスタイル（中間）4,C:\Users\kouza\Desktop\MOS_類題_再作成_セット1_配送管理.xlsx
26,中間,TableStyleMedium5,テーブル スタイル (中間) 5,"紫, テーブル スタイル (中間) 5",紫、テーブルスタイル（中間）5,C:\Users\kouza\Desktop\MOS_類題_再作成_セット1_配送管理.xlsx
27,中間,TableStyleMedium6,テーブル スタイル (中間) 6,"アクア, テーブル スタイル (中間) 6",アクア、テーブルスタイル（中間）6,C:\Users\kouza\Desktop\MOS_類題_再作成_セット1_配送管理.xlsx
28,中間,TableStyleMedium7,テーブル スタイル (中間) 7,"オレンジ, テーブル スタイル (中間) 7",オレンジ、テーブルスタイル（中間）7,C:\Users\kouza\Desktop\MOS_類題_再作成_セット1_配送管理.xlsx
29,中間,TableStyleMedium8,テーブル スタイル (中間) 8,"薄い灰色, テーブル スタイル (中間) 8",薄い灰色、テーブルスタイル（中間）8,C:\Users\kouza\Desktop\MOS_類題_再作成_セット1_配送管理.xlsx
30,中間,TableStyleMedium9,テーブル スタイル (中間) 9,"青, テーブル スタイル (中間) 9",青、テーブルスタイル（中間）9,C:\Users\kouza\Desktop\MOS_類題_再作成_セット1_配送管理.xlsx
31,中間,TableStyleMedium10,テーブル スタイル (中間) 10,"赤, テーブル スタイル (中間) 10",赤、テーブルスタイル（中間）10,C:\Users\kouza\Desktop\MOS_類題_再作成_セット1_配送管理.xlsx
32,中間,TableStyleMedium11,テーブル スタイル (中間) 11,"オリーブ, テーブル スタイル (中間) 11",オリーブ、テーブルスタイル（中間）11,C:\Users\kouza\Desktop\MOS_類題_再作成_セット1_配送管理.xlsx
33,中間,TableStyleMedium12,テーブル スタイル (中間) 12,"紫, テーブル スタイル (中間) 12",紫、テーブルスタイル（中間）12,C:\Users\kouza\Desktop\MOS_類題_再作成_セット1_配送管理.xlsx
34,中間,TableStyleMedium13,テーブル スタイル (中間) 13,"アクア, テーブル スタイル (中間) 13",アクア、テーブルスタイル（中間）13,C:\Users\kouza\Desktop\MOS_類題_再作成_セット1_配送管理.xlsx
35,中間,TableStyleMedium14,テーブル スタイル (中間) 14,"オレンジ, テーブル スタイル (中間) 14",オレンジ、テーブルスタイル（中間）14,C:\Users\kouza\Desktop\MOS_類題_再作成_セット1_配送管理.xlsx
36,中間,TableStyleMedium15,テーブル スタイル (中間) 15,"白, テーブル スタイル (中間) 15",白、テーブルスタイル（中間）15,C:\Users\kouza\Desktop\MOS_類題_再作成_セット1_配送管理.xlsx
37,中間,TableStyleMedium16,テーブル スタイル (中間) 16,"青, テーブル スタイル (中間) 16",青、テーブルスタイル（中間）16,C:\Users\kouza\Desktop\MOS_類題_再作成_セット1_配送管理.xlsx
38,中間,TableStyleMedium17,テーブル スタイル (中間) 17,"赤, テーブル スタイル (中間) 17",赤、テーブルスタイル（中間）17,C:\Users\kouza\Desktop\MOS_類題_再作成_セット1_配送管理.xlsx
39,中間,TableStyleMedium18,テーブル スタイル (中間) 18,"オリーブ, テーブル スタイル (中間) 18",オリーブ、テーブルスタイル（中間）18,C:\Users\kouza\Desktop\MOS_類題_再作成_セット1_配送管理.xlsx
40,中間,TableStyleMedium19,テーブル スタイル (中間) 19,"紫, テーブル スタイル (中間) 19",紫、テーブルスタイル（中間）19,C:\Users\kouza\Desktop\MOS_類題_再作成_セット1_配送管理.xlsx
41,中間,TableStyleMedium20,テーブル スタイル (中間) 20,"アクア, テーブル スタイル (中間) 20",アクア、テーブルスタイル（中間）20,C:\Users\kouza\Desktop\MOS_類題_再作成_セット1_配送管理.xlsx
42,中間,TableStyleMedium21,テーブル スタイル (中間) 21,"オレンジ, テーブル スタイル (中間) 21",オレンジ、テーブルスタイル（中間）21,C:\Users\kouza\Desktop\MOS_類題_再作成_セット1_配送管理.xlsx
43,中間,TableStyleMedium22,テーブル スタイル (中間) 22,"薄い灰色, テーブル スタイル (中間) 22",薄い灰色、テーブルスタイル（中間）22,C:\Users\kouza\Desktop\MOS_類題_再作成_セット1_配送管理.xlsx
44,中間,TableStyleMedium23,テーブル スタイル (中間) 23,"アイスブルー, テーブル スタイル (中間) 23",アイスブルー、テーブルスタイル（中間）23,C:\Users\kouza\Desktop\MOS_類題_再作成_セット1_配送管理.xlsx
45,中間,TableStyleMedium24,テーブル スタイル (中間) 24,"ローズ, テーブル スタイル (中間) 24",ローズ、テーブルスタイル（中間）24,C:\Users\kouza\Desktop\MOS_類題_再作成_セット1_配送管理.xlsx
46,中間,TableStyleMedium25,テーブル スタイル (中間) 25,"薄い緑, テーブル スタイル (中間) 25",薄い緑、テーブルスタイル（中間）25,C:\Users\kouza\Desktop\MOS_類題_再作成_セット1_配送管理.xlsx
47,中間,TableStyleMedium26,テーブル スタイル (中間) 26,"ラベンダー, テーブル スタイル (中間) 26",ラベンダー、テーブルスタイル（中間）26,C:\Users\kouza\Desktop\MOS_類題_再作成_セット1_配送管理.xlsx
48,中間,TableStyleMedium27,テーブル スタイル (中間) 27,"スカイブルー, テーブル スタイル (中間) 27",スカイブルー、テーブルスタイル（中間）27,C:\Users\kouza\Desktop\MOS_類題_再作成_セット1_配送管理.xlsx
49,中間,TableStyleMedium28,テーブル スタイル (中間) 28,"薄いオレンジ, テーブル スタイル (中間) 28",薄いオレンジ、テーブルスタイル（中間）28,C:\Users\kouza\Desktop\MOS_類題_再作成_セット1_配送管理.xlsx
50,濃色,TableStyleDark1,テーブル スタイル (濃色) 1,"灰色, テーブル スタイル (濃色) 1",灰色、テーブルスタイル（濃色）1,C:\Users\kouza\Desktop\MOS_類題_再作成_セット1_配送管理.xlsx
51,濃色,TableStyleDark2,テーブル スタイル (濃色) 2,"青, テーブル スタイル (濃色) 2",青、テーブルスタイル（濃色）2,C:\Users\kouza\Desktop\MOS_類題_再作成_セット1_配送管理.xlsx
52,濃色,TableStyleDark3,テーブル スタイル (濃色) 3,"赤, テーブル スタイル (濃色) 3",赤、テーブルスタイル（濃色）3,C:\Users\kouza\Desktop\MOS_類題_再作成_セット1_配送管理.xlsx
53,濃色,TableStyleDark4,テーブル スタイル (濃色) 4,"オリーブ, テーブル スタイル (濃色) 4",オリーブ、テーブルスタイル（濃色）4,C:\Users\kouza\Desktop\MOS_類題_再作成_セット1_配送管理.xlsx
54,濃色,TableStyleDark5,テーブル スタイル (濃色) 5,"紫, テーブル スタイル (濃色) 5",紫、テーブルスタイル（濃色）5,C:\Users\kouza\Desktop\MOS_類題_再作成_セット1_配送管理.xlsx
55,濃色,TableStyleDark6,テーブル スタイル (濃色) 6,"アクア, テーブル スタイル (濃色) 6",アクア、テーブルスタイル（濃色）6,C:\Users\kouza\Desktop\MOS_類題_再作成_セット1_配送管理.xlsx
56,濃色,TableStyleDark7,テーブル スタイル (濃色) 7,"オレンジ, テーブル スタイル (濃色) 7",オレンジ、テーブルスタイル（濃色）7,C:\Users\kouza\Desktop\MOS_類題_再作成_セット1_配送管理.xlsx
57,濃色,TableStyleDark8,テーブル スタイル (濃色) 8,"薄い灰色, テーブル スタイル (濃色) 8",薄い灰色、テーブルスタイル（濃色）8,C:\Users\kouza\Desktop\MOS_類題_再作成_セット1_配送管理.xlsx
58,濃色,TableStyleDark9,テーブル スタイル (濃色) 9,"赤, テーブル スタイル (濃色) 9",赤、テーブルスタイル（濃色）9,C:\Users\kouza\Desktop\MOS_類題_再作成_セット1_配送管理.xlsx
59,濃色,TableStyleDark10,テーブル スタイル (濃色) 10,"紫, テーブル スタイル (濃色) 10",紫、テーブルスタイル（濃色）10,C:\Users\kouza\Desktop\MOS_類題_再作成_セット1_配送管理.xlsx
60,濃色,TableStyleDark11,テーブル スタイル (濃色) 11,"オレンジ, テーブル スタイル (濃色) 11",オレンジ、テーブルスタイル（濃色）11,C:\Users\kouza\Desktop\MOS_類題_再作成_セット1_配送管理.xlsx
