"NameLocal","Name"
"テーブル スタイル (淡色) 1","TableStyleLight1"
"テーブル スタイル (淡色) 2","TableStyleLight2"
"テーブル スタイル (淡色) 3","TableStyleLight3"
"テーブル スタイル (淡色) 4","TableStyleLight4"
"テーブル スタイル (淡色) 5","TableStyleLight5"
"テーブル スタイル (淡色) 6","TableStyleLight6"
"テーブル スタイル (淡色) 7","TableStyleLight7"
"テーブル スタイル (淡色) 8","TableStyleLight8"
"テーブル スタイル (淡色) 9","TableStyleLight9"
"テーブル スタイル (淡色) 10","TableStyleLight10"
"テーブル スタイル (淡色) 11","TableStyleLight11"
"テーブル スタイル (淡色) 12","TableStyleLight12"
"テーブル スタイル (淡色) 13","TableStyleLight13"
"テーブル スタイル (淡色) 14","TableStyleLight14"
"テーブル スタイル (淡色) 15","TableStyleLight15"
"テーブル スタイル (淡色) 16","TableStyleLight16"
"テーブル スタイル (淡色) 17","TableStyleLight17"
"テーブル スタイル (淡色) 18","TableStyleLight18"
"テーブル スタイル (淡色) 19","TableStyleLight19"
"テーブル スタイル (淡色) 20","TableStyleLight20"
"テーブル スタイル (淡色) 21","TableStyleLight21"
"テーブル スタイル (中間) 1","TableStyleMedium1"
"テーブル スタイル (中間) 2","TableStyleMedium2"
"テーブル スタイル (中間) 3","TableStyleMedium3"
"テーブル スタイル (中間) 4","TableStyleMedium4"
"テーブル スタイル (中間) 5","TableStyleMedium5"
"テーブル スタイル (中間) 6","TableStyleMedium6"
"テーブル スタイル (中間) 7","TableStyleMedium7"
"テーブル スタイル (中間) 8","TableStyleMedium8"
"テーブル スタイル (中間) 9","TableStyleMedium9"
"テーブル スタイル (中間) 10","TableStyleMedium10"
"テーブル スタイル (中間) 11","TableStyleMedium11"
"テーブル スタイル (中間) 12","TableStyleMedium12"
"テーブル スタイル (中間) 13","TableStyleMedium13"
"テーブル スタイル (中間) 14","TableStyleMedium14"
"テーブル スタイル (中間) 15","TableStyleMedium15"
"テーブル スタイル (中間) 16","TableStyleMedium16"
"テーブル スタイル (中間) 17","TableStyleMedium17"
"テーブル スタイル (中間) 18","TableStyleMedium18"
"テーブル スタイル (中間) 19","TableStyleMedium19"
"テーブル スタイル (中間) 20","TableStyleMedium20"
"テーブル スタイル (中間) 21","TableStyleMedium21"
"テーブル スタイル (中間) 22","TableStyleMedium22"
"テーブル スタイル (中間) 23","TableStyleMedium23"
"テーブル スタイル (中間) 24","TableStyleMedium24"
"テーブル スタイル (中間) 25","TableStyleMedium25"
"テーブル スタイル (中間) 26","TableStyleMedium26"
"テーブル スタイル (中間) 27","TableStyleMedium27"
"テーブル スタイル (中間) 28","TableStyleMedium28"
"テーブル スタイル (濃色) 1","TableStyleDark1"
"テーブル スタイル (濃色) 2","TableStyleDark2"
"テーブル スタイル (濃色) 3","TableStyleDark3"
"テーブル スタイル (濃色) 4","TableStyleDark4"
"テーブル スタイル (濃色) 5","TableStyleDark5"
"テーブル スタイル (濃色) 6","TableStyleDark6"
"テーブル スタイル (濃色) 7","TableStyleDark7"
"テーブル スタイル (濃色) 8","TableStyleDark8"
"テーブル スタイル (濃色) 9","TableStyleDark9"
"テーブル スタイル (濃色) 10","TableStyleDark10"
"テーブル スタイル (濃色) 11","TableStyleDark11"
