no,style_family,style_family_en,style_number,internal_name,color_name,gallery_name_mos,gallery_name_raw,name_local,screenshot
1,淡色,Light,1,TableStyleLight1,白,白、テーブルスタイル（淡色）1,"白, テーブル スタイル (淡色) 1",テーブル スタイル (淡色) 1,screenshots/TableStyleLight1.png
2,淡色,Light,2,TableStyleLight2,薄い水色,薄い水色、テーブルスタイル（淡色）2,"薄い水色, テーブル スタイル (淡色) 2",テーブル スタイル (淡色) 2,screenshots/TableStyleLight2.png
3,淡色,Light,3,TableStyleLight3,薄いオレンジ,薄いオレンジ、テーブルスタイル（淡色）3,"薄いオレンジ, テーブル スタイル (淡色) 3",テーブル スタイル (淡色) 3,screenshots/TableStyleLight3.png
4,淡色,Light,4,TableStyleLight4,薄い緑,薄い緑、テーブルスタイル（淡色）4,"薄い緑, テーブル スタイル (淡色) 4",テーブル スタイル (淡色) 4,screenshots/TableStyleLight4.png
5,淡色,Light,5,TableStyleLight5,薄い水色,薄い水色、テーブルスタイル（淡色）5,"薄い水色, テーブル スタイル (淡色) 5",テーブル スタイル (淡色) 5,screenshots/TableStyleLight5.png
6,淡色,Light,6,TableStyleLight6,ピンク,ピンク、テーブルスタイル（淡色）6,"ピンク, テーブル スタイル (淡色) 6",テーブル スタイル (淡色) 6,screenshots/TableStyleLight6.png
7,淡色,Light,7,TableStyleLight7,薄い緑,薄い緑、テーブルスタイル（淡色）7,"薄い緑, テーブル スタイル (淡色) 7",テーブル スタイル (淡色) 7,screenshots/TableStyleLight7.png
8,淡色,Light,8,TableStyleLight8,白,白、テーブルスタイル（淡色）8,"白, テーブル スタイル (淡色) 8",テーブル スタイル (淡色) 8,screenshots/TableStyleLight8.png
9,淡色,Light,9,TableStyleLight9,濃い青緑,濃い青緑、テーブルスタイル（淡色）9,"濃い青緑, テーブル スタイル (淡色) 9",テーブル スタイル (淡色) 9,screenshots/TableStyleLight9.png
10,淡色,Light,10,TableStyleLight10,オレンジ,オレンジ、テーブルスタイル（淡色）10,"オレンジ, テーブル スタイル (淡色) 10",テーブル スタイル (淡色) 10,screenshots/TableStyleLight10.png
11,淡色,Light,11,TableStyleLight11,濃い緑,濃い緑、テーブルスタイル（淡色）11,"濃い緑, テーブル スタイル (淡色) 11",テーブル スタイル (淡色) 11,screenshots/TableStyleLight11.png
12,淡色,Light,12,TableStyleLight12,水色,水色、テーブルスタイル（淡色）12,"水色, テーブル スタイル (淡色) 12",テーブル スタイル (淡色) 12,screenshots/TableStyleLight12.png
13,淡色,Light,13,TableStyleLight13,プラム,プラム、テーブルスタイル（淡色）13,"プラム, テーブル スタイル (淡色) 13",テーブル スタイル (淡色) 13,screenshots/TableStyleLight13.png
14,淡色,Light,14,TableStyleLight14,緑,緑、テーブルスタイル（淡色）14,"緑, テーブル スタイル (淡色) 14",テーブル スタイル (淡色) 14,screenshots/TableStyleLight14.png
15,淡色,Light,15,TableStyleLight15,白,白、テーブルスタイル（淡色）15,"白, テーブル スタイル (淡色) 15",テーブル スタイル (淡色) 15,screenshots/TableStyleLight15.png
16,淡色,Light,16,TableStyleLight16,薄い水色,薄い水色、テーブルスタイル（淡色）16,"薄い水色, テーブル スタイル (淡色) 16",テーブル スタイル (淡色) 16,screenshots/TableStyleLight16.png
17,淡色,Light,17,TableStyleLight17,薄いオレンジ,薄いオレンジ、テーブルスタイル（淡色）17,"薄いオレンジ, テーブル スタイル (淡色) 17",テーブル スタイル (淡色) 17,screenshots/TableStyleLight17.png
18,淡色,Light,18,TableStyleLight18,薄い緑,薄い緑、テーブルスタイル（淡色）18,"薄い緑, テーブル スタイル (淡色) 18",テーブル スタイル (淡色) 18,screenshots/TableStyleLight18.png
19,淡色,Light,19,TableStyleLight19,薄い水色,薄い水色、テーブルスタイル（淡色）19,"薄い水色, テーブル スタイル (淡色) 19",テーブル スタイル (淡色) 19,screenshots/TableStyleLight19.png
20,淡色,Light,20,TableStyleLight20,ピンク,ピンク、テーブルスタイル（淡色）20,"ピンク, テーブル スタイル (淡色) 20",テーブル スタイル (淡色) 20,screenshots/TableStyleLight20.png
21,淡色,Light,21,TableStyleLight21,薄い緑,薄い緑、テーブルスタイル（淡色）21,"薄い緑, テーブル スタイル (淡色) 21",テーブル スタイル (淡色) 21,screenshots/TableStyleLight21.png
22,中間,Medium,1,TableStyleMedium1,白,白、テーブルスタイル（中間）1,"白, テーブル スタイル (中間) 1",テーブル スタイル (中間) 1,screenshots/TableStyleMedium1.png
23,中間,Medium,2,TableStyleMedium2,濃い青緑,濃い青緑、テーブルスタイル（中間）2,"濃い青緑, テーブル スタイル (中間) 2",テーブル スタイル (中間) 2,screenshots/TableStyleMedium2.png
24,中間,Medium,3,TableStyleMedium3,オレンジ,オレンジ、テーブルスタイル（中間）3,"オレンジ, テーブル スタイル (中間) 3",テーブル スタイル (中間) 3,screenshots/TableStyleMedium3.png
25,中間,Medium,4,TableStyleMedium4,濃い緑,濃い緑、テーブルスタイル（中間）4,"濃い緑, テーブル スタイル (中間) 4",テーブル スタイル (中間) 4,screenshots/TableStyleMedium4.png
26,中間,Medium,5,TableStyleMedium5,水色,水色、テーブルスタイル（中間）5,"水色, テーブル スタイル (中間) 5",テーブル スタイル (中間) 5,screenshots/TableStyleMedium5.png
27,中間,Medium,6,TableStyleMedium6,プラム,プラム、テーブルスタイル（中間）6,"プラム, テーブル スタイル (中間) 6",テーブル スタイル (中間) 6,screenshots/TableStyleMedium6.png
28,中間,Medium,7,TableStyleMedium7,緑,緑、テーブルスタイル（中間）7,"緑, テーブル スタイル (中間) 7",テーブル スタイル (中間) 7,screenshots/TableStyleMedium7.png
29,中間,Medium,8,TableStyleMedium8,薄い灰色,薄い灰色、テーブルスタイル（中間）8,"薄い灰色, テーブル スタイル (中間) 8",テーブル スタイル (中間) 8,screenshots/TableStyleMedium8.png
30,中間,Medium,9,TableStyleMedium9,濃い青緑,濃い青緑、テーブルスタイル（中間）9,"濃い青緑, テーブル スタイル (中間) 9",テーブル スタイル (中間) 9,screenshots/TableStyleMedium9.png
31,中間,Medium,10,TableStyleMedium10,オレンジ,オレンジ、テーブルスタイル（中間）10,"オレンジ, テーブル スタイル (中間) 10",テーブル スタイル (中間) 10,screenshots/TableStyleMedium10.png
32,中間,Medium,11,TableStyleMedium11,濃い緑,濃い緑、テーブルスタイル（中間）11,"濃い緑, テーブル スタイル (中間) 11",テーブル スタイル (中間) 11,screenshots/TableStyleMedium11.png
33,中間,Medium,12,TableStyleMedium12,水色,水色、テーブルスタイル（中間）12,"水色, テーブル スタイル (中間) 12",テーブル スタイル (中間) 12,screenshots/TableStyleMedium12.png
34,中間,Medium,13,TableStyleMedium13,プラム,プラム、テーブルスタイル（中間）13,"プラム, テーブル スタイル (中間) 13",テーブル スタイル (中間) 13,screenshots/TableStyleMedium13.png
35,中間,Medium,14,TableStyleMedium14,緑,緑、テーブルスタイル（中間）14,"緑, テーブル スタイル (中間) 14",テーブル スタイル (中間) 14,screenshots/TableStyleMedium14.png
36,中間,Medium,15,TableStyleMedium15,白,白、テーブルスタイル（中間）15,"白, テーブル スタイル (中間) 15",テーブル スタイル (中間) 15,screenshots/TableStyleMedium15.png
37,中間,Medium,16,TableStyleMedium16,濃い青緑,濃い青緑、テーブルスタイル（中間）16,"濃い青緑, テーブル スタイル (中間) 16",テーブル スタイル (中間) 16,screenshots/TableStyleMedium16.png
38,中間,Medium,17,TableStyleMedium17,オレンジ,オレンジ、テーブルスタイル（中間）17,"オレンジ, テーブル スタイル (中間) 17",テーブル スタイル (中間) 17,screenshots/TableStyleMedium17.png
39,中間,Medium,18,TableStyleMedium18,濃い緑,濃い緑、テーブルスタイル（中間）18,"濃い緑, テーブル スタイル (中間) 18",テーブル スタイル (中間) 18,screenshots/TableStyleMedium18.png
40,中間,Medium,19,TableStyleMedium19,水色,水色、テーブルスタイル（中間）19,"水色, テーブル スタイル (中間) 19",テーブル スタイル (中間) 19,screenshots/TableStyleMedium19.png
41,中間,Medium,20,TableStyleMedium20,プラム,プラム、テーブルスタイル（中間）20,"プラム, テーブル スタイル (中間) 20",テーブル スタイル (中間) 20,screenshots/TableStyleMedium20.png
42,中間,Medium,21,TableStyleMedium21,緑,緑、テーブルスタイル（中間）21,"緑, テーブル スタイル (中間) 21",テーブル スタイル (中間) 21,screenshots/TableStyleMedium21.png
43,中間,Medium,22,TableStyleMedium22,薄い灰色,薄い灰色、テーブルスタイル（中間）22,"薄い灰色, テーブル スタイル (中間) 22",テーブル スタイル (中間) 22,screenshots/TableStyleMedium22.png
44,中間,Medium,23,TableStyleMedium23,薄い水色,薄い水色、テーブルスタイル（中間）23,"薄い水色, テーブル スタイル (中間) 23",テーブル スタイル (中間) 23,screenshots/TableStyleMedium23.png
45,中間,Medium,24,TableStyleMedium24,薄いオレンジ,薄いオレンジ、テーブルスタイル（中間）24,"薄いオレンジ, テーブル スタイル (中間) 24",テーブル スタイル (中間) 24,screenshots/TableStyleMedium24.png
46,中間,Medium,25,TableStyleMedium25,薄い緑,薄い緑、テーブルスタイル（中間）25,"薄い緑, テーブル スタイル (中間) 25",テーブル スタイル (中間) 25,screenshots/TableStyleMedium25.png
47,中間,Medium,26,TableStyleMedium26,薄い水色,薄い水色、テーブルスタイル（中間）26,"薄い水色, テーブル スタイル (中間) 26",テーブル スタイル (中間) 26,screenshots/TableStyleMedium26.png
48,中間,Medium,27,TableStyleMedium27,ピンク,ピンク、テーブルスタイル（中間）27,"ピンク, テーブル スタイル (中間) 27",テーブル スタイル (中間) 27,screenshots/TableStyleMedium27.png
49,中間,Medium,28,TableStyleMedium28,薄い緑,薄い緑、テーブルスタイル（中間）28,"薄い緑, テーブル スタイル (中間) 28",テーブル スタイル (中間) 28,screenshots/TableStyleMedium28.png
50,濃色,Dark,1,TableStyleDark1,濃い灰色,濃い灰色、テーブルスタイル（濃色）1,"濃い灰色, テーブル スタイル (濃色) 1",テーブル スタイル (濃色) 1,screenshots/TableStyleDark1.png
51,濃色,Dark,2,TableStyleDark2,濃い青緑,濃い青緑、テーブルスタイル（濃色）2,"濃い青緑, テーブル スタイル (濃色) 2",テーブル スタイル (濃色) 2,screenshots/TableStyleDark2.png
52,濃色,Dark,3,TableStyleDark3,茶,茶、テーブルスタイル（濃色）3,"茶, テーブル スタイル (濃色) 3",テーブル スタイル (濃色) 3,screenshots/TableStyleDark3.png
53,濃色,Dark,4,TableStyleDark4,濃い緑,濃い緑、テーブルスタイル（濃色）4,"濃い緑, テーブル スタイル (濃色) 4",テーブル スタイル (濃色) 4,screenshots/TableStyleDark4.png
54,濃色,Dark,5,TableStyleDark5,水色,水色、テーブルスタイル（濃色）5,"水色, テーブル スタイル (濃色) 5",テーブル スタイル (濃色) 5,screenshots/TableStyleDark5.png
55,濃色,Dark,6,TableStyleDark6,プラム,プラム、テーブルスタイル（濃色）6,"プラム, テーブル スタイル (濃色) 6",テーブル スタイル (濃色) 6,screenshots/TableStyleDark6.png
56,濃色,Dark,7,TableStyleDark7,濃い緑,濃い緑、テーブルスタイル（濃色）7,"濃い緑, テーブル スタイル (濃色) 7",テーブル スタイル (濃色) 7,screenshots/TableStyleDark7.png
57,濃色,Dark,8,TableStyleDark8,薄い灰色,薄い灰色、テーブルスタイル（濃色）8,"薄い灰色, テーブル スタイル (濃色) 8",テーブル スタイル (濃色) 8,screenshots/TableStyleDark8.png
58,濃色,Dark,9,TableStyleDark9,オレンジ,オレンジ、テーブルスタイル（濃色）9,"オレンジ, テーブル スタイル (濃色) 9",テーブル スタイル (濃色) 9,screenshots/TableStyleDark9.png
59,濃色,Dark,10,TableStyleDark10,水色,水色、テーブルスタイル（濃色）10,"水色, テーブル スタイル (濃色) 10",テーブル スタイル (濃色) 10,screenshots/TableStyleDark10.png
60,濃色,Dark,11,TableStyleDark11,緑,緑、テーブルスタイル（濃色）11,"緑, テーブル スタイル (濃色) 11",テーブル スタイル (濃色) 11,screenshots/TableStyleDark11.png
