キーワード,正解,表示テキスト
テーブル,テーブルデザインタブ,「テーブル」と問題文に出たらテーブルを選択して、「テーブルデザイン」タブを使います
グラフ,グラフのデザインタブ,「グラフ」がシートにある場合は、グラフを選択して、「グラフのデザイン」タブを使います。
印刷,ページレイアウトタブ/ページ設定グループ,「印刷」が問題文にあったら「ページレイアウト」タブの「ページ設定」グループを使います。
余白,ページレイアウトタブ/余白ボタン,「余白」と問題文にあったら「ページレイアウト」タブの「余白」ボタンです。
スパークライン,挿入タブ/スパークライングループ,「スパークライン」と問題文にあったら「挿入」タブの「スパークライン」ボタンです。
〇行目を固定,表示タブ/ウィンドウ枠の固定ボタン,「行を固定」と問題文にあったら「表示」タブの「ウィンドウ枠の固定」ボタンです。
リンク,挿入タブ/リンクボタン,"「リンク」と問題文にあったら「挿入」タブの「リンク」ボタンです。
「ハイパーリンク」と「リンク」は同じものです"
ハイパーリンク,挿入タブ/リンクボタン,"「ハイパーリンク」と問題文にあったら「挿入」タブの「リンク」ボタンです。
「ハイパーリンク」と「リンク」は同じものです"
プロパティ,ファイルタブ/情報ボタン,「プロパティ」と問題文にあれば、「ファイル」タブの「情報」です。
数式に名前付き範囲を使う,数式タブ/数式で使用ボタン,「数式」と問題文にあったら「数式」タブの「数式で使用」ボタンです。
数式を表示,数式タブ/数式を表示ボタン,「数式」と問題文にあったら「数式」タブの「数式を表示」ボタンです。
並べ替え,データタブ/並べ替えボタン,「並べ替え」と問題文にあったら「データ」タブの「並べ替え」ボタンです。
条件付き書式,ホームタブ/条件付き書式ボタン,「条件付き書式」と問題文にあったら「ホーム」タブの「条件付き書式」ボタンです。
アクセシビリティチェック,ファイルタブ/情報ボタン,「アクセシビリティチェック」と問題文にあれば「ファイル」タブの「情報」ボタンを使います。
ヘッダー,挿入タブ/テキストボタン,「ヘッダー」と問題文に出たら「挿入」タブの「テキスト」グループの「ヘッダーとフッター」ボタンです。
最高,MAX,「最高」と問題文に出たら、セルに「=MAX」と入力し、関数を選んで確定します。
最大,MAX,「最大」と問題文に出たら、セルに「=MAX」と入力し、関数を選んで確定します。
数値の個数,COUNT,「数値の個数」と問題文に出たら、セルに「=COU」と入力し、COUNT を選んで確定します。
空白を数える,COUNTBLANK,「空白を数える」と問題文に出たら、セルに「=COU」と入力し、COUNTBLANK を選んで確定します。
文字を数える,COUNTA,「文字を数える」と問題文に出たら、セルに「=COU」と入力し、COUNTA を選んで確定します。
ランダムに表示,RANDBETWEEN,「ランダム」と問題文に出たら、セルに「=RAN」と入力し、RANDBETWEEN を選んで確定します。
最初の文字を抜き出す,LEFT,「最初の文字を抜き出す」と問題に出たら、セルに「=LEF」と入力し、LEFT を選んで確定します。
左の文字を抜き出す,LEFT,「左の文字を抜き出す」と問題に出たら、セルに「=LEF」と入力し、LEFT を選んで確定します。
右の文字を抜き出す,RIGHT,「右の文字を抜き出す」と問題に出たら、セルに「=RIG」と入力し、RIGHT を選んで確定します。
最後の文字を抜き出す,RIGHT,「最後の文字を抜き出す」と問題に出たら、セルに「=RIG」と入力し、RIGHT を選んで確定します。
一つずつ表示,UNIQUE,「一つずつ表示」と問題に出たら、セルに「=UNI」と入力し、UNIQUE を選んで確定します。
重複しないで,UNIQUE,「重複しない」と問題に出たら、セルに「=UNI」と入力し、UNIQUE を選んで確定します。
合計を表示,SUM,「合計」と問題に出たら、セルに「=SUM」と入力し、関数を選んで確定します。
付け加えて,CONCAT,「付け加えて」と問題に出たら、セルに「=CON」と入力し、CONCAT を選んで確定します。
組み合わせて,CONCAT,「組み合わせて」と問題に出たら、セルに「=CON」と入力し、CONCAT を選んで確定します。
～であれば、そうでなければ,IF,「～であれば、そうでなければ」と問題に出たら、セルに「=IF」と入力し、関数を選んで確定します。
並べ替えて表示,SORT,「並べ替えて表示」と問題に出たら、セルに「=SOR」と入力し、SORT を選んで確定します。
～ごとに表示,SEQUENCE,「～ごとに表示」と問題に出たら、セルに「=SEQ」と入力し、SEQUENCE を選んで確定します。
連続で～,SEQUENCE,「連続で～」と問題に出たら、セルに「=SEQ」と入力し、SEQUENCE を選んで確定します。
