グループ,プロジェクト,類題セット,タスク番号,問題文,解答操作
1,10,1,1,"シート［スタッフ名簿］の「資格手当」の列に、関数を使って試験点数が80より大きければ「支給」、そうでなければ「対象外」と表示します。","1. シート［スタッフ名簿］を選択する。
2. セル【F4】を選択する。
3. 「=if」と入力し、一覧から［IF］をダブルクリックする。
4. ［関数の挿入］をクリックする。
5. ［論理式］に「E4>80」と入力する。
6. ［値が真の場合］に「支給」と入力する。
7. ［値が偽の場合］に「対象外」と入力する。
8. ［OK］をクリックする。
9. セル【F4】右下のフィルハンドル（■）を【F23】までドラッグする。
10. 「試験点数」が80より大きい場合は「支給」、そうでない場合は「対象外」と表示されたことを確認する。"
1,10,1,2,"シート［食材配送］の「配送手当」の列に、関数を使って「重量」が500㎏以上であれば「8000」、そうでなければ「4000」と表示します。","1. シート［食材配送］を選択する。
2. セル【G4】を選択する。
3. 「=if」と入力し、一覧から［IF］をダブルクリックする。
4. ［関数の挿入］をクリックする。
5. ［論理式］に「F4>=500」と入力する。
6. ［値が真の場合］に「8000」と入力する。
7. ［値が偽の場合］に「4000」と入力する。
8. ［OK］をクリックする。
9. セル【G4】右下のフィルハンドル（■）を【G43】までドラッグする。
10. 「重量」が500kg以上の場合は「8000」、そうでない場合は「4000」と表示されたことを確認する。"
1,10,1,3,"シート［メニュー在庫］の「確認」の列に、関数を使って「賞味残日数」が7日以下であれば「要確認」と表示、そうでなければ何も表示しないようにします。","1. シート［メニュー在庫］を選択する。
2. セル【E7】を選択する。
3. 「=if」と入力し、一覧から［IF］をダブルクリックする。
4. ［関数の挿入］をクリックする。
5. ［論理式］に「D7<=7」と入力する。
6. ［値が真の場合］に「要確認」と入力する。
7. ［値が偽の場合］に「""""」と入力する。
8. ［OK］をクリックする。
9. セル【E7】右下のフィルハンドル（■）を【E26】までドラッグする。
10. 「賞味残日数」が7日以下の場合は「要確認」、そうでない場合は何も表示されていないことを確認する。"
1,10,1,4,"シート［スタッフ名簿］の「整理番号」の列に、関数を使って5から開始し、1から5ずつ増える値を20行分入力します。","1. シート［スタッフ名簿］を選択する。
2. セル【G4】を選択する。
3. 「=se」と入力し、一覧から［SEQUENCE］をダブルクリックする。
4. ［関数の挿入］をクリックする。
5. ［行］に「20」と入力する。
6. ［列］に「1」と入力する。
7. ［開始］に「5」と入力する。
8. ［目盛り］に「5」と入力する。
9. ［OK］をクリックする。
10. 5から開始し、5ずつ増加する整理番号が20行分表示されたことを確認する。"
1,10,1,5,"シート［シフト予定］の「開始時間」の列の数式を変更して、9時から15分おきになるようにします。","1. シート［シフト予定］を選択する。
2. セル【E4】を選択する。
3. 数式バーに表示されている数式の「0.5」を「0.25」に変更する。
4. Enterキーを押して入力を確定する。
5. 9時から15分おきの開始時間が表示されたことを確認する。"
1,10,1,6,"シート［売上ランキング］のセル【G4】を開始位置として、関数を使って表を「売上合計」の大きい順に並べ替えて表示します。","1. シート［売上ランキング］を選択する。
2. セル【G4】を選択する。
3. 「=so」と入力し、一覧から［SORT］をダブルクリックする。
4. ［関数の挿入］をクリックする。
5. ［配列］にセル範囲【C4:E13】を指定する。
6. ［並べ替えインデックス］に「3」と入力する。
7. ［並べ替え順序］に「-1」と入力する。
8. ［OK］をクリックする。
9. 表が「売上合計」の大きい順に並べ替えて表示されたことを確認する。"
1,10,1,7,"シート［メニュー在庫］の「消費税」の列に、関数を使って消費税を算出してください。消費税は「金額」に消費税率を乗算して求めます。なお、消費税率はセル【J3】を絶対参照します。","1. シート［メニュー在庫］を選択する。
2. セル【I7】を選択する。
3. 「=」と入力する。
4. セル【H7】をクリックする。
5. 「*」と入力する。
6. セル【J3】をクリックする。
7. F4キーを押し、セル【J3】を絶対参照に変更する。
8. Enterキーを押して入力を確定する。
9. セル【I7】右下のフィルハンドル（■）を【I26】までドラッグする。
10. 消費税が表示されたことを確認する。"
1,10,1,8,"シート［仕入在庫］のセル【B4】を基準に、テキストファイル「カフェ仕入表.txt」をインポートします。Noや店舗名、担当者名などが1行目のヘッダーになるようにします。","1. シート［仕入在庫］を選択する。
2. セル【B4】を選択する。
3. ［データ］タブをクリックする。
4. ［テキストまたはCSVから］をクリックする。
5. テキストファイル「カフェ仕入表.txt」を選択する。
6. ［インポート］をクリックする。
7. 「No」や「店舗名」、「担当者名」などが行目のヘッダーになっていることを確認する。
8. ［読み込み］の▽をクリックする。
9. ［読み込み先］をクリックする。
10. ［既存のワークシート］を選択する。
11. 読み込み先に「=$B$4」と表示されていることを確認する。
12. ［OK］をクリックする。
13. セル【B4】を基準にデータがインポートされ、「No」「店舗名」「担当者名」などが1行目のヘッダーとして表示されたことを確認する。"
1,10,2,1,"シート［医療スタッフ］の「夜勤区分」の列に、関数を使って夜勤回数が10より大きければ「可」、そうでなければ「不可」と表示します。","1. シート［医療スタッフ］を選択する。
2. セル【F5】を選択する。
3. 「=if」と入力し、一覧から［IF］をダブルクリックする。
4. ［関数の挿入］をクリックする。
5. ［論理式］に「E5>10」と入力する。
6. ［値が真の場合］に「可」と入力する。
7. ［値が偽の場合］に「不可」と入力する。
8. ［OK］をクリックする。
9. セル【F5】右下のフィルハンドル（■）を【F28】までドラッグする。
10. 「夜勤回数」が10より大きい場合は「可」、そうでない場合は「不可」と表示されたことを確認する。"
1,10,2,2,"シート［往診精算］の「出張手当」の列に、関数を使って「出張日数」が5日以上であれば「5000」、そうでなければ「2000」と表示します。","1. シート［往診精算］を選択する。
2. セル【E4】を選択する。
3. 「=if」と入力し、一覧から［IF］をダブルクリックする。
4. ［関数の挿入］をクリックする。
5. ［論理式］に「D4>=5」と入力する。
6. ［値が真の場合］に「5000」と入力する。
7. ［値が偽の場合］に「2000」と入力する。
8. ［OK］をクリックする。
9. セル【E4】右下のフィルハンドル（■）を【E23】までドラッグする。
10. 「出張日数」が5日以上の場合は「5000」、そうでない場合は「2000」と表示されたことを確認する。"
1,10,2,3,"シート［薬品在庫］の「発注の要否」の列に、関数を使って「使用率」が12%以下であれば「追加発注」と表示、そうでなければ何も表示しないようにします。","1. シート［薬品在庫］を選択する。
2. セル【F6】を選択する。
3. 「=if」と入力し、一覧から［IF］をダブルクリックする。
4. ［関数の挿入］をクリックする。
5. ［論理式］に「E6<=12%」と入力する。
6. ［値が真の場合］に「追加発注」と入力する。
7. ［値が偽の場合］に「""""」と入力する。
8. ［OK］をクリックする。
9. セル【F6】右下のフィルハンドル（■）を【F35】までドラッグする。
10. 「使用率」が12％以下の場合は「追加発注」、そうでない場合は何も表示されていないことを確認する。"
1,10,2,4,"シート［医療スタッフ］の「受付番号」の列に、関数を使って10から開始し、10ずつ増加するように24行分入力します。","1. シート［医療スタッフ］を選択する。
2. セル【G5】を選択する。
3. 「=se」と入力し、一覧から［SEQUENCE］をダブルクリックする。
4. ［関数の挿入］をクリックする。
5. ［行］に「24」と入力する。
6. ［列］に「1」と入力する。
7. ［開始］に「10」と入力する。
8. ［目盛り］に「10」と入力する。
9. ［OK］をクリックする。
10. 10から開始し、10ずつ増加する受付番号が24行分表示されたことを確認する。"
1,10,2,5,"シート［検査予約］の「検査時間」の列の数式を変更して、8時から45分おきになるようにします。","1. シート［検査予約］を選択する。
2. セル【D4】を選択する。
3. 数式バーに表示されている数式の「0.5」を「0.75」に変更する。
4. Enterキーを押して入力を確定する。
5. 8時から45分おきの検査時間が表示されたことを確認する。"
1,10,2,6,"シート［診療件数］のセル【F5】を開始位置として、関数を使って表を「担当医名」の五十音順に並べ替えて表示します。","1. シート［診療件数］を選択する。
2. セル【F5】を選択する。
3. 「=so」と入力し、一覧から［SORT］をダブルクリックする。
4. ［関数の挿入］をクリックする。
5. ［配列］にセル範囲【A5:D19】を指定する。
6. ［並べ替えインデックス］に「2」と入力する。
7. ［並べ替え順序］に「1」と入力する。
8. ［OK］をクリックする。
9. 表が「担当医名」の五十音順に並べ替えて表示されたことを確認する。"
1,10,2,7,"シート［薬品在庫］の「支払金額」の列に、関数を使って発注金額を算出します。
発注金額は「金額」に「発注係数」を乗算して求めます。
なお、「発注係数」はセル【E3】を絶対参照します。","1. シート［薬品在庫］を選択する。
2. セル【J6】を選択する。
3. 「=」と入力する。
4. セル【I6】をクリックする。
5. 「*」を入力する。
6. セル【E3】をクリックする。
7. F4キーを押し、セル【E3】を絶対参照に変更する。
8. Enterキーを押して入力を確定する。
9. セル【I6】右下のフィルハンドル（■）を【I35】までドラッグする。
10. 「発注単価」と「発注数量」の積に「発注係数」を掛けた発注金額が表示されたことを確認する。"
1,10,2,8,"シート［在庫管理］のセル【B4】を基準に、テキストファイル「医療薬品表.txt」をインポートします。「No」「診療科名」「担当医名」などが1行目のヘッダーになるようにします。","1. シート［在庫管理］を選択する。
2. セル【B4】を選択する。
3. ［データ］タブをクリックする。
4. ［テキストまたはCSVから］をクリックする。
5. テキストファイル「医療薬品表.txt」を選択する。
6. ［インポート］をクリックする。
7. 「No」「診療科名」「担当医名」などが1行目になっていることを確認する。
8. ［読み込み］の▽をクリックする。
9. ［読み込み先］をクリックする。
10. ［既存のワークシート］を選択する。
11. 読み込み先に「=$B$4」と表示されていることを確認する。
12. ［OK］をクリックする。
13. セル【B4】を基準にデータがインポートされたことを確認する。"
1,10,3,1,"シート［工場社員］の「資格手当」の列に、関数を使って「技能試験点数」が80より大きければ「支給」、そうでなければ「対象外」と表示します。","1. シート［工場社員］を選択する。
2. セル【F5】を選択する。
3. 「=if」と入力し、一覧から［IF］をダブルクリックする。
4. ［関数の挿入］をクリックする。
5. ［論理式］に「E5>80」と入力する。
6. ［値が真の場合］に「支給」と入力する。
7. ［値が偽の場合］に「対象外」と入力する。
8. ［OK］をクリックする。
9. セル【F5】右下のフィルハンドル（■）を【F24】までドラッグする。
10. 「技能試験点数」が80より大きい場合は「支給」、そうでない場合は「対象外」と表示されたことを確認する。"
1,10,3,2,"シート［配送清算］の「配送手当」の列に、関数を使って「重量」が500kg以上であれば「8000」、そうでなければ「4000」と表示します。","1. シート［配送清算］を選択する。
2. セル【F5】を選択する。
3. 「=if」と入力し、一覧から［IF］をダブルクリックする。
4. ［関数の挿入］をクリックする。
5. ［論理式］に「E5>=500」と入力する。
6. ［値が真の場合］に「8000」と入力する。
7. ［値が偽の場合］に「4000」と入力する。
8. ［OK］をクリックする。
9. セル【F5】右下のフィルハンドル（■）を【F44】までドラッグする。
10. 「重量」が500kg以上の場合は「8000」、そうでない場合は「4000」と表示されたことを確認する。"
1,10,3,3,"シート［部品在庫］の「発注の要否」の列に、関数を使って「使用率」が12％未満であれば「追加発注」と表示し、そうでなければ何も表示しないようにします。","1. シート［部品在庫］を選択する。
2. セル【F7】を選択する。
3. 「=if」と入力し、一覧から［IF］をダブルクリックする。
4. ［関数の挿入］をクリックする。
5. ［論理式］に「E7<12%」と入力する。
6. ［値が真の場合］に「追加発注」と入力する。
7. ［値が偽の場合］に「""""」と入力する。
8. ［OK］をクリックする。
9. セル【F7】右下のフィルハンドル（■）を【F36】までドラッグする。
10. 「使用率」が12％未満の場合は「追加発注」、そうでない場合は何も表示されていないことを確認する。"
1,10,3,4,"シート［工場社員］の「整理番号」の列に、関数を使って5から開始し、10ずつ増加する値を入力します。","1. シート［工場社員］を選択する。
2. セル【G5】を選択する。
3. 「=se」と入力し、一覧から［SEQUENCE］をダブルクリックする。
4. ［関数の挿入］をクリックする。
5. ［行］に「20」と入力する。
6. ［列］に「1」と入力する。
7. ［開始］に「5」と入力する。
8. ［目盛り］に「10」と入力する。
9. ［OK］をクリックする。
10. 5から開始し、10ずつ増加する整理番号が20行分表示されたことを確認する。"
1,10,3,5,"シート［作業予定］の「開始時間」の列の数式を変更して、9時から15分おきになるようにします。","1. シート［作業予定］を選択する。
2. セル【D5】を選択する。
3. 数式バーをクリックする。
4. 数式中の「0.5」を「0.25」に変更する。
5. Enterキーを押して入力を確定する。
6. 9時から15分おきの開始時間が表示されたことを確認する。
7. 開始時間の変更に連動して、終了時間も変更されたことを確認する。"
1,10,3,6,"シート［生産ランキング］のセル【G4】を開始位置として、関数を使って表を「生産数」の多い順に並べ替えて表示します。","1. シート［生産ランキング］を選択する。
2. セル【G4】を選択する。
3. 「=so」と入力し、一覧から［SORT］をダブルクリックする。
4. ［関数の挿入］をクリックする。
5. ［配列］にセル範囲【A4:D18】を指定する。
6. ［並べ替えインデックス］に「4」と入力する。
7. ［並べ替え順序］に「-1」と入力する。
8. ［OK］をクリックする。
9. 表が「生産数」の多い順に並べ替えて表示されたことを確認する。"
1,10,3,7,"シート［部品在庫］の「発注ロット数」の列に、関数を使って発注ロット数を算出します。発注ロット数は「発注数量」を「標準発注ロット」で除算して求めます。なお、「標準発注ロット」はセル【C4】を絶対参照します。","1. シート［部品在庫］を選択する。
2. セル【I7】を選択する。
3. 「=」と入力する。
4. セル【H7】をクリックする。
5. 「/」と入力する。
6. セル【C4】をクリックする。
7. F4キーを押し、セル【C4】を絶対参照に変更する。
8. Enterキーを押して入力を確定する。
9. セル【I7】右下のフィルハンドル（■）を【I36】までドラッグする。
10. 「発注数量」を「標準発注ロット」で除算した発注ロット数が表示されたことを確認する。"
1,10,3,8,"シート［部品在庫表］のセル【B4】を基準に、テキストファイル「工場部品表.txt」をインポートします。「No」「工場名」「担当者名」などが1行目のヘッダーになるようにします。","1. シート［部品在庫表］を選択する。
2. セル【B4】を選択する。
3. ［データ］タブをクリックする。
4. ［テキストまたはCSVから］をクリックする。
5. テキストファイル「工場部品表.txt」を選択する。
6. ［インポート］をクリックする。
7. ［区切り記号］に「タブ」が選択され、データが正しく区切られていることを確認する。
8. 「No」「工場名」「担当者名」などが1行目のヘッダーになっていることを確認する。
9. ［読み込み］の▼をクリックする。
10. ［読み込み先］をクリックする。
11. ［既存のワークシート］を選択する。
12. 読み込み先に「=$B$4」と表示されていることを確認する。
13. ［OK］をクリックする。
14. セル【B4】を基準にデータがインポートされたことを確認する。"
1,10,4,1,"シート［添乗員名簿］の「手当区分」の列に、関数を使って「添乗評価」が80以上であれば「支給」、そうでなければ「対象外」と表示します。","1. シート［添乗員名簿］を選択する。
2. セル【E4】を選択する。
3. 「=if」と入力し、一覧から［IF］をダブルクリックする。
4. ［関数の挿入］をクリックする。
5. ［論理式］に「D4>=80」と入力する。
6. ［値が真の場合］に「支給」と入力する。
7. ［値が偽の場合］に「対象外」と入力する。
8. ［OK］をクリックする。
9. セル【E4】右下のフィルハンドル（■）を【E23】までドラッグする。
10. 「添乗評価」が80より大きい場合は「支給」、そうでない場合は「対象外」と表示されたことを確認する。"
1,10,4,2,"シート［旅行清算］の「添乗手当」の列に、関数を使って「参加人数」が30人より多ければ「12000」、そうでなければ「6000」と表示します。","1. シート［旅行清算］を選択する。
2. セル【F5】を選択する。
3. 「=if」と入力し、一覧から［IF］をダブルクリックする。
4. ［関数の挿入］をクリックする。
5. ［論理式］に「E5>30」と入力する。
6. ［値が真の場合］に「12000」と入力する。
7. ［値が偽の場合］に「6000」と入力する。
8. ［OK］をクリックする。
9. セル【F5】右下のフィルハンドル（■）を【F44】までドラッグする。
10. 「参加人数」が30以上の場合は「12000」、そうでない場合は「6000」と表示されたことを確認する。"
1,10,4,3,"シート［旅行備品在庫］の「補充区分」の列に、関数を使って「使用率」が12％以下であれば「要補充」と表示し、そうでなければ何も表示しないようにします。","1. シート［旅行備品在庫］を選択する。
2. セル【F6】を選択する。
3. 「=if」と入力し、一覧から［IF］をダブルクリックする。
4. ［関数の挿入］をクリックする。
5. ［論理式］に「E6<=12%」と入力する。
6. ［値が真の場合］に「要補充」と入力する。
7. ［値が偽の場合］に「""""」と入力する。
8. ［OK］をクリックする。
9. セル【F6】右下のフィルハンドル（■）を【F35】までドラッグする。
10. 「使用率」が12％未満の場合は「要補充」、そうでない場合は何も表示されていないことを確認する。"
1,10,4,4,"シート［添乗員名簿］の「管理番号」の列に、関数を使って5から開始し、10ずつ増加する値を20行分入力します。","1. シート［添乗員名簿］を選択する。
2. セル【F4】を選択する。
3. 「=se」と入力し、一覧から［SEQUENCE］をダブルクリックする。
4. ［関数の挿入］をクリックする。
5. ［行］に「20」と入力する。
6. ［列］に「1」と入力する。
7. ［開始］に「5」と入力する。
8. ［目盛り］に「10」と入力する。
9. ［OK］をクリックする。
10. 5から開始し、10ずつ増加する管理番号が20行分表示されたことを確認する。"
1,10,4,5,"シート［ツアー日程］の「集合時間」の列の数式を変更して、8時から15分おきになるようにします。","1. シート［ツアー日程］を選択する。
2. セル【D4】を選択する。
3. 数式バーをクリックする。
4. 数式中の「0.5」を「0.25」に変更する。
5. Enterキーを押して入力を確定する。
6. 8時から15分おきの集合時間が表示されたことを確認する。"
1,10,4,6,"シート［予約実績］のセル【H4】を開始位置として、関数を使って表を「予約人数」の多い順に並べ替えて表示します。","1. シート［予約実績］を選択する。
2. セル【H4】を選択する。
3. 「=so」と入力し、一覧から［SORT］をダブルクリックする。
4. ［関数の挿入］をクリックする。
5. ［配列］にセル範囲【B4:D18】を指定する。
6. ［並べ替えインデックス］に「3」と入力する。
7. ［並べ替え順序］に「-1」と入力する。
8. ［OK］をクリックする。
9. 表が「予約人数」の多い順に並べ替えて表示されたことを確認する。"
1,10,4,7,"シート［旅行備品在庫］の「発注単位数」の列に、関数を使って発注単位数を算出します。発注単位数は「発注数量」を「標準発注単位」で除算して求めます。なお、「標準発注単位」はセル【C3】を絶対参照します。","1. シート［旅行備品在庫］を選択する。
2. セル【I6】を選択する。
3. 「=」と入力する。
4. セル【H6】をクリックする。
5. 「/」と入力する。
6. セル【C3】をクリックする。
7. F4キーを押し、セル【C3】を絶対参照に変更する。
8. Enterキーを押して入力を確定する。
9. セル【I6】右下のフィルハンドル（■）を【I35】までドラッグする。
10. 「発注数量」を「標準発注単位」で除算した発注単位数が表示されたことを確認する。"
1,10,4,8,"シート［旅行備品表］のセル【A4】を基準に、テキストファイル「旅行備品表.txt」をインポートします。「No」「支店名」「担当者名」などが1行目のヘッダーになるようにします。","1. シート［旅行備品表］を選択する。
2. セル【B4】を選択する。
3. ［データ］タブをクリックする。
4. ［テキストまたはCSVから］をクリックする。
5. テキストファイル「旅行備品表.txt」を選択する。
6. ［インポート］をクリックする。
7. ［区切り記号］に「タブ」が選択され、データが正しく区切られていることを確認する。
8. 「No」「支店名」「担当者名」などが1行目のヘッダーになっていることを確認する。
9. ［読み込み］の▼をクリックする。
10. ［読み込み先］をクリックする。
11. ［既存のワークシート］を選択する。
12. 読み込み先に「=$B$4」と表示されていることを確認する。
13. ［OK］をクリックする。
14. セル【B4】を基準にデータがインポートされたことを確認する。"
1,10,5,1,"シート［職員名簿］の「研修手当」の列に、関数を使って「業務評価」が80を超えていたら「支給」と表示し、そうでなければ空欄になるようにします。","1. シート［職員名簿］を選択する。
2. セル【E4】を選択する。
3. 「=if」と入力し、一覧から［IF］をダブルクリックする。
4. ［関数の挿入］をクリックする。
5. ［論理式］に「D4>80」と入力する。
6. ［値が真の場合］に「支給」と入力する。
7. ［値が偽の場合］に「""""」と入力する。
8. ［OK］をクリックする。
9. セル【E4】右下のフィルハンドル（■）を【E23】までドラッグする。
10. 「業務評価」が80より大きい場合は「支給」、そうでない場合は空欄になっていることを確認する。"
1,10,5,2,"シート［PC教室利用実績］の「管理費」の列に、関数を使って「利用人数」が100以上であれば「8000」、そうでなければ「4000」と表示します。","1. シート［PC教室利用実績］を選択する。
2. セル【G5】を選択する。
3. 「=if」と入力し、一覧から［IF］をダブルクリックする。
4. ［関数の挿入］をクリックする。
5. ［論理式］に「F5>=100」と入力する。
6. ［値が真の場合］に「8000」と入力する。
7. ［値が偽の場合］に「4000」と入力する。
8. ［OK］をクリックする。
9. セル【G5】右下のフィルハンドル（■）を【G44】までドラッグする。
10. 「利用人数」が100以上の場合は「8000」、そうでない場合は「4000」と表示されたことを確認する。"
1,10,5,3,"シート［情報教室備品］の「補充区分」の列に、関数を使って「使用率」が12％を下回っていたら「要補充」と表示し、そうでなければ何も表示しないようにします。","1. シート［情報教室備品］を選択する。
2. セル【F5】を選択する。
3. 「=if」と入力し、一覧から［IF］をダブルクリックする。
4. ［関数の挿入］をクリックする。
5. ［論理式］に「E5<12%」と入力する。
6. ［値が真の場合］に「要補充」と入力する。
7. ［値が偽の場合］に「""""」と入力する。
8. ［OK］をクリックする。
9. セル【F5】右下のフィルハンドル（■）を【F34】までドラッグする。
10. 「使用率」が12％未満の場合は「要補充」、そうでない場合は何も表示されていないことを確認する。"
1,10,5,4,"シート［職員名簿］の「管理番号」の列に、関数を使って5から開始し、10ずつ増加する値を20行分入力します。","1. シート［職員名簿］を選択する。
2. セル【F4】を選択する。
3. 「=se」と入力し、一覧から［SEQUENCE］をダブルクリックする。
4. ［関数の挿入］をクリックする。
5. ［行］に「20」と入力する。
6. ［列］に「1」と入力する。
7. ［開始］に「5」と入力する。
8. ［目盛り］に「10」と入力する。
9. ［OK］をクリックする。
10. 5から開始し、10ずつ増加する管理番号が20行分表示されたことを確認する。"
1,10,5,5,"シート［講義予定］の「開始時間」の列の数式を変更して、9時から45分おきになるようにします。","1. シート［講義予定］を選択する。
2. セル【F5】を選択する。
3. 数式バーをクリックする。
4. 数式中の「0.5」を「0.75」に変更する。
5. Enterキーを押して入力を確定する。
6. 9時から15分おきの開始時間が表示されたことを確認する。"
1,10,5,6,"シート［申込状況］のセル【A15】を開始位置として、関数を使って表を「申込者数」の多い順に並べ替えて表示します。","1. シート［申込状況］を選択する。
2. セル【A15】を選択する。
3. 「=so」と入力し、一覧から［SORT］をダブルクリックする。
4. ［関数の挿入］をクリックする。
5. ［配列］にセル範囲【A4:D8】を指定する。
6. ［並べ替えインデックス］に「4」と入力する。
7. ［並べ替え順序］に「-1」と入力する。
8. ［OK］をクリックする。
9. 表が「申込者数」の多い順に並べ替えて表示されたことを確認する。"
1,10,5,7,"シート［情報教室備品］の「発注単位数」の列に、関数を使って発注単位数を算出します。発注単位数は「発注数量」を「標準発注単位」で除算して求めます。なお、「標準発注単位」はセル【I2】を絶対参照します。","1. シート［情報教室備品］を選択する。
2. セル【I5】を選択する。
3. 「=」と入力する。
4. セル【H5】をクリックする。
5. 「/」と入力する。
6. セル【I2】をクリックする。
7. F4キーを押し、セル【I2】を絶対参照に変更する。
8. Enterキーを押して入力を確定する。
9. セル【I5】右下のフィルハンドル（■）を【I34】までドラッグする。
10. 「発注数量」を「標準発注単位」で除算した発注単位数が表示されたことを確認する。"
1,10,5,8,"シート［備品表］のセル【B4】を基準に、テキストファイル「備品表.txt」をインポートします。「No」「部署名」「担当者名」などが1行目のヘッダーになるようにします。","1. シート［備品表］を選択する。
2. セル【B4】を選択する。
3. ［データ］タブをクリックする。
4. ［テキストまたはCSVから］をクリックする。
5. テキストファイル「情報教室備品表.txt」を選択する。
6. ［インポート］をクリックする。
7. ［区切り記号］に「タブ」が選択され、データが正しく区切られていることを確認する。
8. 「No」「部署名」「担当者名」などが1行目のヘッダーになっていることを確認する。
9. ［読み込み］の▼をクリックする。
10. ［読み込み先］をクリックする。
11. ［既存のワークシート］を選択する。
12. 読み込み先に「=$B$4」と表示されていることを確認する。
13. ［OK］をクリックする。
14. セル【B4】を基準にデータがインポートされたことを確認する。"
1,1,1,1,"シート［配送記録］のテーブルに、縞模様（行）を設定し、1行おきに色が付くようにします。","1. シート［配送記録］を選択する。
2. テーブル内の任意のセルを選択する。
3. ［テーブル デザイン］タブをクリックする。
4. ［縞模様（行）］をクリックしてオンにする。
5. テーブルの縞模様（行）が設定されたことを確認する。"
1,1,1,2,"シート［配送記録］のテーブルの最後の列を強調します。","1. シート［配送記録］を選択する。
2. テーブル内の任意のセルを選択する。
3. ［テーブル デザイン］タブをクリックする。
4. ［最後の列］をクリックしてオンにする。
5. テーブルの最後の列が強調表示されたことを確認する。"
1,1,1,3,"シート［配送記録］のテーブルに、テーブルスタイル「緑、テーブル スタイル（濃色）11」を設定します。","1. シート［配送記録］を選択する。
2. テーブル内の任意のセルを選択する。
3. ［テーブル デザイン］タブをクリックする。
4. ［クイックスタイル］をクリックする。
5. 「緑、テーブル スタイル（濃色）11」をクリックする。
6. テーブルスタイルが変更されたことを確認する。"
1,1,1,4,"シート［担当一覧］のテーブルにフィルターを使用して、［担当区分］が「検品」の行をすべて表示します。","1. シート［担当一覧］を選択する。
2. ［担当区分］のフィルターボタンをクリックする。
3. ［（すべて選択）］をクリックしてオフにする。
4. ［検品］をクリックしてオンにする。
5. ［OK］をクリックする。
6. ［担当区分］が「検品」の行だけが表示されたことを確認する。"
1,1,1,5,"シート［日別実績］のテーブルの右側に「評価」の列を追加し、テーブルの範囲を変更します。","1. シート［日別実績］を選択する。
2. テーブル内の任意のセルを選択する。
3.［テーブル デザイン］タブをクリックする。
4. ［テーブルのサイズの変更］をクリックする。
5. セル範囲【A3:G14】を選択し、［OK］をクリックする。
6. テーブルの範囲が変更されたことを確認する。"
1,1,2,1,"シート［販売確認］のテーブルの行の縞模様（網掛け）を解除します。","1. シート［販売確認］を選択する。
2. テーブル内の任意のセルを選択する。
3. ［テーブル デザイン］タブをクリックする。
4. ［縞模様（行）］をクリックしてオフにする。
5. テーブルの縞模様（行）が解除されたことを確認する。"
1,1,2,2,"シート［販売確認］のテーブルの最後の列を強調します。","1. シート［販売確認］を選択する。
2. テーブル内の任意のセルを選択する。
3. ［テーブル デザイン］タブをクリックする。
4. ［最後の列］をクリックしてオンにする。
5. テーブルの最後の列が強調表示されたことを確認する。"
1,1,2,3,"シート［販売確認］のテーブルに、テーブルスタイル「紫、テーブルスタイル（淡色）12」を設定します。","1. シート［販売確認］を選択する。
2. テーブル内の任意のセルを選択する。
3. ［テーブル デザイン］タブをクリックする。
4. ［クイックスタイル］をクリックする。
5. 「紫、テーブルスタイル（淡色）12」をクリックする。
6. テーブルスタイルが変更されたことを確認する。"
1,1,2,4,"シート［係員台帳］のテーブルにフィルターを使用して、［所属］が「営業一課」の行をすべて表示します。","1. シート［係員台帳］を選択する。
2. ［所属］のフィルターボタンをクリックする。
3. ［（すべて選択）］クリックしてオフにする。
4. ［営業一課］をクリックしてオンにする。
5. ［OK］をクリックする。
6. ［所属］が「営業一課」の行だけが表示されたことを確認する。"
1,1,2,5,"シート［週次売上］のテーブルに「合計」の列を追加し、テーブルの範囲を変更します。","1. シート［週次売上］を選択する。
2. テーブル内の任意のセルを選択する。
3.［テーブル デザイン］タブをクリックする。
4. ［テーブルのサイズの変更］をクリックする。
5. セル範囲【A3:H15】を選択し、［OK］をクリックする。
6. テーブルの範囲が変更されたことを確認する。"
1,1,3,1,"シート［研修結果］のテーブルの縞模様を解除し、その後1行おきに色が付くように設定します。","1. シート［研修結果］を選択する。
2. テーブル内の任意のセルを選択する。
3. ［テーブル デザイン］タブをクリックする。
4. ［縞模様（列）］をクリックしてオフにする。
5. ［縞模様（行）］をクリックしてオンにする。
6. テーブルの縞模様（行）が設定されたことを確認する。"
1,1,3,2,"シート［研修結果］のテーブルの最後の列を強調します。","1. シート［研修結果］を選択する。
2. テーブル内の任意のセルを選択する。
3. ［テーブル デザイン］タブをクリックする。
4. ［最後の列］をクリックしてオンにする。
5. テーブルの最後の列が強調表示されたことを確認する。"
1,1,3,3,"シート［研修結果］のテーブルにテーブルスタイル「薄いオレンジ、テーブルスタイル（淡色）17」を設定します。","1. シート［研修結果］を選択する。
2. テーブル内の任意のセルを選択する。
3. ［テーブル デザイン］タブをクリックする。
4. ［クイックスタイル］をクリックする。
5. 「薄いオレンジ、テーブルスタイル（淡色）17」をクリックする。
6. テーブルスタイルが変更されたことを確認する。"
1,1,3,4,"シート［連絡先名簿］のテーブルにフィルターを使用して、［拠点］が「名古屋」の行をすべて表示します。","1. シート［連絡先名簿］を選択する。
2. ［拠点］のフィルターをクリックする。
3. ［（すべて選択）］をクリックしてオフにする。
4. ［名古屋］をクリックしてオンにする。
5. ［OK］をクリックする。
6. ［拠点］が「名古屋」の行だけが表示されたことを確認する。"
1,1,3,5,"シート［会場別収益］のテーブルの右側に「合計」の列を追加し、テーブルの範囲を変更します。","1. シート［会場別収益］を選択する。
2. テーブル内の任意のセルを選択する。
3.［テーブル デザイン］タブをクリックする。
4. ［テーブルのサイズの変更］をクリックする。
5. セル範囲【A3:G15】を選択し、［OK］をクリックする。
6. テーブルの範囲が変更されたことを確認する。"
1,1,4,1,"シート［受注分析］のテーブルの行の縞模様を解除し、列方向の縞模様を設定します。","1. シート［受注分析］を選択する。
2. テーブル内の任意のセルを選択する。
3. ［テーブル デザイン］タブをクリックする。
4. ［縞模様（行）］をクリックしてオフにする。
5. ［縞模様（列）］をクリックしてオンにする。
6. 列方向の縞模様が設定されたことを確認する。"
1,1,4,2,"シート［受注分析］のテーブルの最後の列を強調します。","1. シート［受注分析］を選択する。
2. テーブル内の任意のセルを選択する。
3. ［テーブル デザイン］タブをクリックする。
4. ［最後の列］をクリックする。
5. 最後の列が強調表示されたことを確認する。"
1,1,4,3,"シート［受注分析］のテーブルにテーブルスタイル「青、テーブルスタイル（濃色）6」を設定します。","1. シート［受注分析］を選択する。
2. テーブル内の任意のセルを選択する。
3. ［テーブル デザイン］タブをクリックする。
4. ［クイックスタイル］をクリックする。
5. 「青、テーブルスタイル（濃色）6」をクリックする。
6. テーブルスタイルが変更されたことを確認する。"
1,1,4,4,"シート［配置表］のテーブルにフィルターを使用して、［勤務帯］が「午後」の行をすべて表示（抽出）します。","1. シート［配置表］を選択する。
2. ［勤務帯］のフィルターボタンをクリックする。
4. ［（すべて選択）］をクリックしてオフにする。
5. 「午後」をクリックしてオンにする。
6. ［OK］をクリックする。
7. ［勤務帯］が「午後」の行だけが表示されたことを確認する。"
1,1,4,5,"シート［月別入金］のテーブルの右側に「合計」の列を追加し、テーブルの範囲を変更します。","1. シート［月別入金］を選択する。
2. テーブル内の任意のセルを選択する。
3.［テーブル デザイン］タブをクリックする。
4. ［テーブルのサイズの変更］をクリックする。
5. セル範囲【A3:G15】を選択し、［OK］をクリックする。
6. テーブルの範囲が変更されたことを確認する。"
1,1,5,1,"シート［講習判定］のテーブルに、1行おきに色が付くよう縞模様（行）を設定します。","1. シート［講習判定］を選択する。
2. テーブル内の任意のセルを選択する。
3. ［テーブル デザイン］タブをクリックする。
4. ［縞模様（行）］をクリックしてオンにする。
5. テーブルの縞模様（行）が設定されたことを確認する。"
1,1,5,2,"シート［講習判定］のテーブルの最後の列を強調します。","1. シート［講習判定］を選択する。
2. テーブル内の任意のセルを選択する。
3. ［テーブル デザイン］タブをクリックする。
4. ［最後の列］をクリックしてオンにする。
5. テーブルの最後の列が強調表示されたことを確認する。"
1,1,5,3,"シート［講習判定］のテーブルに、テーブルスタイル「茶、テーブルスタイル（濃色）10」を設定します。","1. シート［講習判定］を選択する。
2. テーブル内の任意のセルを選択する。
3. ［テーブル デザイン］タブをクリックする。
4. ［クイックスタイル］をクリックする。
5. 「茶、テーブル スタイル（濃色）10」をクリックする。
6. テーブルスタイルが変更されたことを確認する。"
1,1,5,4,"シート［補助員名簿］のテーブルにフィルターを使用して、［エリア］が「西地区」の行をすべて表示します。","1. シート［補助員名簿］を選択する。
2. ［エリア］のフィルターボタンをクリックする。
3. ［（すべて選択）］をクリックしてオフにする。
4. ［西地区］をクリックしてオンにする。
5. ［OK］をクリックする。
6. ［エリア］が「西地区」の行だけが表示されたことを確認する。"
1,1,5,5,"シート［催事収入］のテーブルの右側に「合計」の列を追加し、テーブルの範囲を変更します。","1. シート［催事収入］を選択する。
2. テーブル内の任意のセルを選択する。
3. ［テーブル デザイン］タブをクリックする。
4. ［テーブルのサイズの変更］をクリックする。
5. 範囲【A3:H16】を選択し、［OK］をクリックする。
6. テーブルの範囲が変更されたことを確認する。"
1,2,1,1,"シート［メニュー売上］のセル【B24】に、セルのスタイル「良い」を設定します。","1. シート［メニュー売上］を選択する。
2. セル【B24】をクリックする。
3. ［ホーム］タブをクリックする。
4. ［セルのスタイル］をクリックする。
5. 「良い」をクリックする。
6. セルのスタイルが設定されたことを確認する。"
1,2,1,2,"シート［パート名簿］のセル範囲【B6:B29】に左インデントを2文字分設定します。","1. シート［パート名簿］を選択する。
2. セル範囲【B6:B29】を選択する。
3. ［ホーム］タブをクリックする。
4. ［インデントを増やす］を2回クリックする。
5. 左インデントが2文字分設定されたことを確認する。"
1,2,1,3,"シート［パート名簿］のセル【A2】の文字の配置をセル範囲【A2:H2】の中央にします。","1. シート［パート名簿］を選択する。
2. セル範囲【A2:H2】を選択する。
3. ［ホーム］タブをクリックする。
4. ［配置］グループの右下の ［配置の設定］をクリックする。
5. ［横位置］の▽をクリックし、［選択範囲内で中央］を選択する。
6. ［OK］をクリックする。
7. 文字列が範囲内で中央に配置されたことを確認する。"
1,2,1,4,"シート［店舗別経費］の「店舗別経費一覧」の表に、セル範囲【H5:K13】をコピーし、列幅を保持して貼り付けます。","1. シート［店舗別経費］を選択する。
2. セル範囲【H5:K13】を選択する。
3. ［ホーム］タブをクリックする。
4. ［コピー］をクリックする。
5. 貼り付け先の先頭セル【A5】をクリックする。
6. ［貼り付け］の▽をクリックする。
7. ［元の列幅を保持］をクリックする。
8. 列幅を保持して貼り付けられたことを確認する。"
1,2,1,5,"シート［仕入予定］のセル範囲【C5:C11】の時間に、取り消し線を設定します。","1. シート［仕入予定］を選択する。
2. セル範囲【C5:C11】を選択する。
3. ［ホーム］タブをクリックする。
4. ［フォント］グループの右下の ［フォントの設定］をクリックする。
5. ［取り消し線］をクリックしてオンにし、［OK］をクリックする。
6. 取り消し線が設定されたことを確認する。"
1,2,1,6,"シート［体験会名簿］の表のタイトル「体験会参加者名簿」のセルの結合と文字列の配置を解除します。","1. シート［体験会名簿］を選択する。
2. セル【A2】をクリックする。
3. ［ホーム］タブをクリックする。
4. ［セルを結合して中央揃え］をクリックする。
5. セルの結合と文字列の配置が解除されたことを確認する。"
1,2,1,7,"シート［体験会名簿］の表から「氏名」が「片岡 樹」と「黒田 美月」の行を削除します。","1. シート［体験会名簿］を選択する。
2. 「氏名」の列から、「片岡 樹」と「黒田 美月」のデータを確認する。
3. 行番号【8:9】を選択し、選択範囲内で右クリックする。
4. ［削除］をクリックする。
5. 行が削除されたことを確認する。"
1,2,2,1,"シート［診療科別収益］のセル範囲【C4:M7】に、「出力」のセルのスタイルを設定します。","1. シート［診療科別収益］を選択する。
2. セル範囲【C4:M7】を選択する。
3. ［ホーム］タブをクリックする。
4. ［セルのスタイル］をクリックする。
5. 「出力」をクリックする。"
1,2,2,2,"シート［医療スタッフ］のセル範囲【E6:E33】に左インデントを2文字分設定します。","1. シート［医療スタッフ］を選択する。
2. セル範囲【E6:E33】を選択する。
3. タブの［ホーム］タブをクリックする。
4. ［インデントを増やす］を2回クリックする。"
1,2,2,3,"シート［医療スタッフ］のセル【A2】の文字の配置をセル範囲【A2:H2】の中央にします。","1. シート［医療スタッフ］を選択する。
2. セル範囲【A2:H2】を選択する。
3. タブの［ホーム］タブをクリックする。
3. ［ホーム］タブをクリックする。
4. ［配置］グループの右下の ［配置の設定］をクリックする。
5. ［横位置］の▽をクリックし、［選択範囲内で中央］を選択する。
6. ［OK］をクリックする。
7. 文字列が範囲内で中央に配置されたことを確認する。"
1,2,2,4,"シート［医薬品マスタ］の「医薬品在庫表」の表に、セル範囲【J5:M15】をコピーし、列幅を保持して貼り付けます。","1. シート［医薬品マスタ］を選択する。
2. セル範囲【J5:M15】を選択する。
3. タブの［ホーム］タブをクリックし、［コピー］をクリックする。
4. 貼り付け先の先頭セル【A6】をクリックする。
6. ［貼り付け］の▽をクリックする。
7. ［元の列幅を保持］をクリックする。
8. 列幅を保持して貼り付けられたことを確認する。"
1,2,2,5,"シート［診療予定］のセル範囲【I5:I11】の時間に、取り消し線を設定します。","1. シート［診療予定］を選択する。
2. セル範囲【I5:I11】を選択する。
3. タブの［ホーム］タブをクリックする。
4. ［フォント］グループの右下の ［フォントの設定］をクリックする。
5. ［取り消し線］をクリックしてオンにし、［OK］をクリックする。
6. 取り消し線が設定されたことを確認する。"
1,2,2,6,"シート［健診受診者］の表のタイトル「健診受診者一覧」のセルの結合と文字列の配置を解除します。","1. シート［健診受診者」を選択する。
2. セル【A2】をクリックする。
3. ［ホーム］タブをクリックする。
4. ［セルを結合して中央揃え］をクリックする。
5. セルの結合と文字列の配置が解除されたことを確認する。"
1,2,2,7,"シート［健診受診者］の表から「氏名」が「田島 悠斗」と「新井 恵」の行を削除します。","1. シート［健診受診者］を選択する。
2. 「受講者氏名」列から「田島 悠斗」と「新井 恵」のデータを確認する。
3. 行番号【24:25】を選択し、選択範囲内で右クリックする。
4. ［削除］をクリックする。
5. 行が削除されたことを確認する。"
1,2,3,1,"シート［工場別生産実績］のセル範囲【B9:I9】に、「入力」のセルのスタイルを設定します。","1. シート［工場別生産実績］を選択する。
2. セル範囲【B9:I9】を選択する。
3. リボンの［ホーム］タブをクリックする。
4. ［セルのスタイル］をクリックする。
5. 「入力」をクリックする。
6. セルのスタイルが設定されたことを確認する。"
1,2,3,2,"シート［作業員台帳］のセル範囲【C6:C40】に左インデントを2文字分設定します。","1. シート［作業員台帳］を選択する。
2. セル範囲【C6:C40】を選択する。
3. リボンの［ホーム］タブをクリックする。
4. ［インデントを増やす］を2回クリックする。
5. 左インデントが2文字分設定されたことを確認する。"
1,2,3,3,"シート［作業員台帳］のセル【A2】の文字の配置をセル範囲【A2:I2】の中央にします。","1. シート［作業員台帳］を選択する。
2. セル範囲【A2:I2】を選択する。
3. ［ホーム］タブをクリックする。
4. ［配置］グループの右下の ［配置の設定］をクリックする。
5. ［横位置］の▽をクリックし、［選択範囲内で中央］を選択する。
6. ［OK］をクリックする。
7. 文字列が範囲内で中央に配置されたことを確認する。"
1,2,3,4,"シート［部品在庫］の「部品在庫一覧」の表に、セル範囲【L6:O14】をコピーし、列幅を保持して貼り付けます。","1. シート［部品在庫］を選択する。
2. セル範囲【L6:O14】を選択する。
3. リボンの［ホーム］タブをクリックし、［コピー］をクリックする。
4. 貼り付け先の先頭セル【A6】をクリックする。
6. ［貼り付け］の▽をクリックする。
7. ［元の列幅を保持］をクリックする。
8. 列幅を保持して貼り付けられたことを確認する。"
1,2,3,5,"シート［ライン稼働予定］のセル範囲【J5:J11】の時間に、取り消し線を設定します。","1.シート［ライン稼働予定］を選択する。
2. セル範囲【J5:J11】を選択する。
3. ［ホーム］タブをクリックする。
4. ［フォント］グループの右下の ［フォントの設定］をクリックする。
5. ［取り消し線］をクリックしてオンにし、［OK］をクリックする。
6. 取り消し線が設定されたことを確認する。"
1,2,3,6,"［安全研修受講者］の表のタイトル「安全研修受講者一覧」のセルの結合と文字列の配置を解除します。","1. シート［安全研修受講者］を選択する。
2. セル【A2】をクリックする。
3. ［ホーム］タブをクリックする。
4. ［セルを結合して中央揃え］をクリックする。
5. セルの結合と文字列の配置が解除されたことを確認する。"
1,2,3,7,"［安全研修受講者］の表から「受講者氏名」が「真鍋 陽菜」と「若杉 奏」の行を削除します。","1. シート［安全研修受講者］を選択する。
2. 「受講者氏名」列から「真鍋 陽菜」と「若杉 奏」のデータを確認する。
3. 行番号【20:21】を選択し、選択範囲内で右クリックする。
4. ［削除］をクリックする。
5. 行が削除されたことを確認する。"
1,2,4,1,"シート［国内ツアー売上］のセル【G3】に、セルのスタイル「計算」を設定します。","1. シート［国内ツアー売上］を選択する。
2. セル【G3】を選択する。
3. リボンの［ホーム］タブをクリックする。
4. ［セルのスタイル］をクリックする。
5. 「入力」をクリックする。
6. セルのスタイルが設定されたことを確認する。"
1,2,4,2,"シート［ガイド名簿］のセル範囲【D5:D34】に左インデントを2文字分設定します。","1. シート［ガイド名簿］を選択する。
2. セル範囲【D5:D34】を選択する。
3. リボンの［ホーム］タブをクリックする。
4. ［インデントを増やす］を2回クリックする。
5. 左インデントが2文字分設定されたことを確認する。"
1,2,4,3,"シート［ガイド名簿］のセル【B2】の文字の配置をセル範囲【B2:H2】の中央にします。","1. シート［ガイド名簿］を選択する。
2. セル範囲【B2:H2】を選択する。
3. ［ホーム］タブをクリックする。
4. ［配置］グループの右下の ［配置の設定］をクリックする。
5. ［横位置］の▽をクリックし、［選択範囲内で中央］を選択する。
6. ［OK］をクリックする。
7. 文字列が範囲内で中央に配置されたことを確認する。"
1,2,4,4,"シート［地域別売上］の「地域売上実績」の表に、セル範囲【K4:N12】をコピーし、列幅を保持して貼り付けます。","1. シート［地域別売上］を選択する。
2. セル範囲【K4:N12】を選択する。
3. リボンの［ホーム］タブをクリックし、［コピー］をクリックする。
4. 貼り付け先の先頭セル【A4】をクリックする。
6. ［貼り付け］の▽をクリックする。
7. ［元の列幅を保持］をクリックする。
8. 列幅を保持して貼り付けられたことを確認する。"
1,2,4,5,"シート［出発時刻表］のセル範囲【E4:E10】の時間に、取り消し線を設定します。","1.シート［出発時刻表］を選択する。
2. セル範囲【E4:E10】を選択する。
3. ［ホーム］タブをクリックする。
4. ［フォント］グループの右下の ［フォントの設定］をクリックする。
5. ［取り消し線］をクリックしてオンにし、［OK］をクリックする。
6. 取り消し線が設定されたことを確認する。"
1,2,4,6,"シート［ツアー参加者］の表のタイトル「ツアー参加者一覧」のセルの結合と文字列の配置を解除します。","1. シート［ツアー参加者］を選択する。
2. セル【A2】をクリックする。
3. ［ホーム］タブをクリックする。
4. ［セルを結合して中央揃え］をクリックする。
5. セルの結合と文字列の配置が解除されたことを確認する。"
1,2,4,7,"シート［ツアー参加者］の表から「氏名」が「森本 葵」と「大野 翼」の行を削除します。","1. シート［ツアー参加者］を選択する。
2. 「受講者氏名」列から「森本 葵」と「大野 翼」のデータを確認する。
3. 行番号【15:16】を選択し、選択範囲内で右クリックする。
4. ［削除］をクリックする。
5. 行が削除されたことを確認する。"
1,2,5,1,"シート［教科別売上］のセル範囲【J4:J28】に、「入力」のセルのスタイルを設定します。","1. シート［教科別売上］を選択する。
2. セル範囲【J4:J28】を選択する。
3. リボンの［ホーム］タブをクリックする。
4. ［セルのスタイル］をクリックする。
5. 「入力」をクリックする。
6. セルのスタイルが設定されたことを確認する。"
1,2,5,2,"シート［講師台帳］のセル範囲【F5:F29】に左インデントを2文字分設定します。","1. シート［講師台帳］を選択する。
2. セル範囲【F5:F29】を選択する。
3. リボンの［ホーム］タブをクリックする。
4. ［インデントを増やす］を2回クリックする。
5. 左インデントが2文字分設定されたことを確認する。"
1,2,5,3,"シート［講師台帳］のセル【A2】の文字の配置をセル範囲【A2:F2】の中央にします。","1. シート［講師台帳］を選択する。
2. セル範囲【A2:F2】を選択する。
3. ［ホーム］タブをクリックする。
4. ［配置］グループの右下の ［配置の設定］をクリックする。
5. ［横位置］の▽をクリックし、［選択範囲内で中央］を選択する。
6. ［OK］をクリックする。
7. 文字列が範囲内で中央に配置されたことを確認する。"
1,2,5,4,"シート［教材在庫］の「教材在庫一覧」の表に、セル範囲【I5:J15】をコピーし、列幅を保持して貼り付けます。","1. シート［教材在庫］を選択する。
2. セル範囲【I5:J15】を選択する。
3. リボンの［ホーム］タブをクリックし、［コピー］をクリックする。
4. 貼り付け先の先頭セル【A5】をクリックする。
6. ［貼り付け］の▽をクリックする。
7. ［元の列幅を保持］をクリックする。
8. 列幅を保持して貼り付けられたことを確認する。"
1,2,5,5,"シート［授業予定］のセル範囲【C6:C12】の時間に、取り消し線を設定します。","1.シート［授業予定］を選択する。
2. セル範囲【C6:C12】を選択する。
3. ［ホーム］タブをクリックする。
4. ［フォント］グループの右下の ［フォントの設定］をクリックする。
5. ［取り消し線］をクリックしてオンにし、［OK］をクリックする。
6. 取り消し線が設定されたことを確認する。"
1,2,5,6,"シート［模試受験者］の表のタイトル「模試受験者名簿」のセルの結合と文字列の配置を解除します。","1. シート［模試受験者］を選択する。
2. セル【A2】をクリックする。
3. ［ホーム］タブをクリックする。
4. ［セルを結合して中央揃え］をクリックする。
5. セルの結合と文字列の配置が解除されたことを確認する。"
1,2,5,7,"シート［模試受験者］の表から「氏名」が「浜崎 晴」と「吉岡 陸」の行を削除します。","1. シート［模試受験者］を選択する。
2. 「受講者氏名」列から「浜崎 晴」と「吉岡 陸」のデータを確認する。
3. 行番号【9：10】を選択し、選択範囲内で右クリックする。
4. ［削除］をクリックする。
5. 行が削除されたことを確認する。"
1,3,1,1,"シート［メニュー注文一覧］の印刷の向きを横向きに設定します。","1. シート［メニュー注文一覧］を選択する。
2. ［ページ レイアウト］タブをクリックする。
3. ［印刷の向き］をクリックする。
4. ［横向き］をクリックする。
5. 印刷の向きが「横向き」に設定されたことを確認する。"
1,3,1,2,"シート［メニュー注文一覧］のドリンク・軽食注文一覧のタイトルを除く「単価」の列の最終セルまでが印刷されるように設定します。","1. シート［メニュー注文一覧］を選択する。
2. セル範囲【B5:G128】を選択する。
3. ［ページ レイアウト］タブをクリックする。
4. ［印刷範囲］をクリックする。
5. ［印刷範囲の設定］をクリックする。
6. 印刷範囲が設定されたことを確認する。"
1,3,1,3,"シート［メニュー注文一覧］を印刷したときに、3～5行目が、すべてのページに印刷されるように設定します。","1. シート［メニュー注文一覧］を選択する。
2. ［ページ レイアウト］タブをクリックする。
3. ［印刷タイトル］をクリックする。
4. ［タイトル行］をクリックする。
5. 行番号【3:5】をドラッグする。
6. ［OK］をクリックする。
7. タイトル行が設定されたことを確認する。"
1,3,1,4,"シート［店舗月次実績］の余白を「広い」にします。","1. シート［店舗月次実績］を選択する。
2. ［ページ レイアウト］タブをクリックする。
3. ［余白］をクリックする。
4. ［広い］をクリックする。
5. 余白が「広い」に設定されたことを確認する。"
1,3,1,5,"シート［店舗月次実績］の改ページ位置を調整し、表の6月までが1ページ目、7月から2ページ目に印刷されるようにします。","1. シート［店舗月次実績］を選択する。
2. ［表示］タブをクリックする。
3. ［改ページプレビュー］をクリックする。
4. 「G列」と「H列」の間の青い線をドラッグし、「H列」と「I列」の間に移動する。
5. ［表示］タブをクリックする。
6. ［標準］をクリックし、標準の表示に戻す。
7. 7月の列から2ページ目になったことを確認する。"
1,3,1,6,"シート［バリスタ検定結果］の表の項目名を、セル内で折り返して全体を表示するように設定します。","1. シート［バリスタ検定結果］を選択する。
2. セル範囲【A5:L5】を選択する。
3. ［ホーム］タブをクリックする。
4. ［折り返して全体を表示する］ボタンをクリックする。
5. 項目名の文字列が折り返されたことを確認する。"
1,3,1,7,"シート［診療科別集計］のセル【D6】にメモを挿入し「4月の最高売上」と入力します。","1. シート［日次売上補助］を選択する。
2.  セル【D6】を選択する。
3. ［校閲］タブをクリックする。
4. ［メモ］をクリックし、一覧から「新しいメモ」を選択する。
5. メモ枠の中に「4月の最高売上」と入力する。
6. 任意のセルをクリックして、メモの選択を解除する。
7. メモが挿入されたことを確認する。"
1,3,2,1,"シート［外来受付一覧］の印刷の向きを縦向きに設定します。","1. シート［外来受付一覧］を選択する。
2. ［ページ レイアウト］タブをクリックする。
3. ［印刷の向き］をクリックする。
4. ［縦向き］をクリックする。
5. 印刷の向きが「縦向き」に設定されたことを確認する。"
1,3,2,2,"シート［外来受付一覧］の外来受付記録のタイトルを除く「診療単価」の列の最終セルまでが印刷されるように設定します。","1. シート［外来受付一覧］を選択する。
2. セル範囲【B5:G144】を選択する。
3. ［ページ レイアウト］タブをクリックする。
4. ［印刷範囲］をクリックする。
5. ［印刷範囲の設定］をクリックする。
6. 印刷範囲が設定されたことを確認する。"
1,3,2,3,"シート［外来受付一覧］を印刷したときに、2~5行目が、すべてのページに印刷されるように設定します。","1. シート［外来受付一覧］を選択する。
2. ［ページ レイアウト］タブをクリックする。
3. ［印刷タイトル］をクリックする。
4. ［タイトル行］をクリックする。
5. 行番号【2:5】を選択する。
6. ［OK］をクリックする。
7. タイトル行が設定されたことを確認する。"
1,3,2,4,"シート［月次診療実績］の余白を「標準」にします。","1. シート［店舗月次実績］を選択する。
2. ［ページ レイアウト］タブをクリックする。
3. ［余白］をクリックする。
4. ［標準］をクリックする。
5. 余白が「標準」に設定されたことを確認する。"
1,3,2,5,"シート［月次診療実績］の改ページ位置を調整し、表の「眼科」までが1ページ目、「小児科」から2ページ目に印刷されるようにします。","1. シート［店舗月次実績］を選択する。
2. ［表示］タブをクリックする。
3. ［改ページプレビュー］をクリックする。
4. 「J列」と「K列」の間の青い線をドラッグし、「H列」と「I列」の間に移動する。
5. ［表示］タブをクリックする。
6. ［標準］をクリックし、標準の表示に戻す。
7. 小児科の列から2ページ目になったことを確認する。"
1,3,2,6,"シート［技能検定結果］の表の項目名を、セル内で折り返して全体を表示するように設定します。","1. シート［技能検定結果］を選択する。
2. セル範囲【B3:M3】を選択する。
3. ［ホーム］タブをクリックする。
4. ［折り返して全体を表示する］ボタンをクリックする。
5. 項目名の文字列が折り返されたことを確認する。"
1,3,2,7,"シート［診療科別集計］のセル【F2】にメモを挿入し「処置室一部改装」と入力します。","1. シート「診療科別集計」を選択する。
2.  セル【F2】を選択する。
3. ［校閲］タブをクリックする。
4. ［メモ］をクリックし、一覧から「新しいメモ」を選択する。
5. メモ枠の中に「処置室一部改装」と入力する。
6. 任意のセルをクリックして、メモの選択を解除する。
7. メモが挿入されたことを確認する。"
1,3,3,1,"シート［製造受注一覧］の印刷の向きを横向きに設定します。","1. シート［製造受注一覧］を選択する。
2. ［ページ レイアウト］タブをクリックする。
3. ［印刷の向き］をクリックする。
4. ［横向き］をクリックする。
5. 印刷の向きが「横向き」に設定されたことを確認する。"
1,3,3,2,"シート［製造受注一覧］の製造受注記録のタイトルを除く「製品単価」の列の最終セルまでが印刷されるように設定します。","1. シート［製造受注一覧］を選択する。
2. セル範囲【B3:H128】を選択する。
3. ［ページ レイアウト］タブをクリックする。
4. ［印刷範囲］をクリックする。
5. ［印刷範囲の設定］をクリックする。
6. 印刷範囲が設定されたことを確認する。"
1,3,3,3,"シート［製造受注一覧］を印刷したときに、1～3行目が、すべてのページに印刷されるように設定します。","1. シート［製造受注一覧］を選択する。
2. ［ページ レイアウト］タブをクリックする。
3. ［印刷タイトル］をクリックする。
4. ［タイトル行］をクリックする。
5. 行番号【3:5】をドラッグする。
6. ［OK］をクリックする。
7. タイトル行が設定されたことを確認する。"
1,3,3,4,"シート［工場月次実績］の余白を「狭い」にします。","1. シート［工場月次実績］を選択する。
2. ［ページ レイアウト］タブをクリックする。
3. ［余白］をクリックする。
4. ［狭い］をクリックする。
5. 余白が「狭い」に設定されたことを確認する。"
1,3,3,5,"シート［工場月次実績］の改ページ位置を調整し、表の2021年までが1ページ目、2022年から2ページ目に印刷されるようにします。","1. シート［工場月次実績］を選択する。
2. ［表示］タブをクリックする。
3. ［改ページプレビュー］をクリックする。
4. 「G列」と「H列」の間の青い線をドラッグし、「I列」と「J列」の間に移動する。
5. ［表示］タブをクリックする。
6. ［標準］をクリックし、標準の表示に戻す。
7. 7月の列から2ページ目になったことを確認する。"
1,3,3,6,"シート［技能査定結果］の表の項目名を、セル内で折り返して全体を表示するように設定します。","1. シート［技能検定結果］を選択する。
2. セル範囲【A3:L3】を選択する。
3. ［ホーム］タブをクリックする。
4. ［折り返して全体を表示する］ボタンをクリックする。
5. 項目名の文字列が折り返されたことを確認する。"
1,3,3,7,"シート［ライン別集計］のセル【B3】にメモを挿入し「最新の部品仕様」と入力します。","1. シート［ライン別集計］を選択する。
2.  セル【B3】を選択する。
3. ［校閲］タブをクリックする。
4. ［メモ］をクリックし、一覧から「新しいメモ」を選択する。
5. メモ枠の中に「最新の部品仕様」と入力する。
6. 任意のセルをクリックして、メモの選択を解除する。
7. メモが挿入されたことを確認する。"
1,3,4,1,"あなたは旅行会社の予約・月次売上を管理しています。
シート［ツアー予約一覧］の印刷の向きを縦向きに設定します。","1. シート［ツアー予約一覧］を選択する。
2. ［ページ レイアウト］タブをクリックする。
3. ［印刷の向き］をクリックする。
4. ［縦向き］をクリックする。
5. 印刷の向きが「縦向き」に設定されたことを確認する。"
1,3,4,2,"シート［ツアー予約一覧］のツアー予約記録表のタイトルを除く「旅行単価」の列の最終セルまでが印刷されるように設定します。","1. シート［ツアー予約一覧］を選択する。
2. セル範囲【B5:H115】を選択する。
3. ［ページ レイアウト］タブをクリックする。
4. ［印刷範囲］をクリックする。
5. ［印刷範囲の設定］をクリックする。
6. 印刷範囲が設定されたことを確認する。"
1,3,4,3,"シート［ツアー予約一覧］を印刷したときに、3～5行目が、すべてのページに印刷されるように設定します。","1. シート［ツアー予約一覧］を選択する。
2. ［ページ レイアウト］タブをクリックする。
3. ［印刷タイトル］をクリックする。
4. ［タイトル行］をクリックする。
5. 行番号【2:4】をドラッグする。
6. ［OK］をクリックする。
7. タイトル行が設定されたことを確認する。"
1,3,4,4,"シート［旅行月次実績］の余白を「狭い」にします。","1. シート［旅行月次実績］を選択する。
2. ［ページ レイアウト］タブをクリックする。
3. ［余白］をクリックする。
4. ［狭い］をクリックする。
5. 余白が「狭い」に設定されたことを確認する。"
1,3,4,5,"シート［旅行月次実績］の改ページ位置を調整し、表の6月までが1ページ目、7月から2ページ目に印刷されるようにします。","1. シート［旅行月次実績］を選択する。
2. ［表示］タブをクリックする。
3. ［改ページプレビュー］をクリックする。
4. 「K列」と「L列」の間の青い線をドラッグし、「H列」と「I列」の間に移動する。
5. ［表示］タブをクリックする。
6. ［標準］をクリックし、標準の表示に戻す。
7. 7月の列から2ページ目になったことを確認する。"
1,3,4,6,"シート［語学検定結果］の表の項目名を、セル内で折り返して全体を表示するように設定します。","1. シート［語学検定結果］を選択する。
2. セル範囲【A3:K3】を選択する。
3. ［ホーム］タブをクリックする。
4. ［折り返して全体を表示する］ボタンをクリックする。
5. 項目名の文字列が折り返されたことを確認する。"
1,3,4,7,"シート［目的地別集計］のセル【B4】にメモを挿入し「今週のおすすめツアー」と入力します。","1. シート［目的地別集計］を選択する。
2.  セル【B4】を選択する。
3. ［校閲］タブをクリックする。
4. ［メモ］をクリックし、一覧から「新しいメモ」を選択する。
5. メモ枠の中に「今週のおすすめツアー」と入力する。
6. 任意のセルをクリックして、メモの選択を解除する。
7. メモが挿入されたことを確認する。"
1,3,5,1,"シート［講座受講一覧］の印刷の向きを横向きに設定します。","1. シート［講座受講一覧］を選択する。
2. ［ページ レイアウト］タブをクリックする。
3. ［印刷の向き］をクリックする。
4. ［横向き］をクリックする。
5. 印刷の向きが「横向き」に設定されたことを確認する。"
1,3,5,2,"シート［講座受講一覧］の講座受講記録のタイトルを除く「受講単価」の列の最終セルまでが印刷されるように設定します。","1. シート［講座受講一覧］を選択する。
2. セル範囲【B3:H146】を選択する。
3. ［ページ レイアウト］タブをクリックする。
4. ［印刷範囲］をクリックする。
5. ［印刷範囲の設定］をクリックする。
6. 印刷範囲が設定されたことを確認する。"
1,3,5,3,"シート［講座受講一覧］を印刷したときに、2～3行目が、すべてのページに印刷されるように設定します。","1. シート［講座受講一覧］を選択する。
2. ［ページ レイアウト］タブをクリックする。
3. ［印刷タイトル］をクリックする。
4. ［タイトル行］をクリックする。
5. 行番号【2:3】をドラッグする。
6. ［OK］をクリックする。
7. タイトル行が設定されたことを確認する。"
1,3,5,4,"シート［塾月次実績］の余白を「標準」にします。","1. シート［塾月次実績］を選択する。
2. ［ページ レイアウト］タブをクリックする。
3. ［余白］をクリックする。
4. ［標準］をクリックする。
5. 余白が「標準」に設定されたことを確認する。"
1,3,5,5,"シート［塾月次実績］の改ページ位置を調整し、表の9月までが1ページ目、10月から2ページ目に印刷されるようにします。","1. シート［塾月次実績］を選択する。
2. ［表示］タブをクリックする。
3. ［改ページプレビュー］をクリックする。
4. 「I列」と「J列」の間の青い線をドラッグし、「H列」と「I列」の間に移動する。
5. ［表示］タブをクリックする。
6. ［標準］をクリックし、標準の表示に戻す。
7. 10月の列から2ページ目になったことを確認する。"
1,3,5,6,"シート［模擬試験結果］の表の項目名を、セル内で折り返して全体を表示するように設定します。","1. シート［模擬試験結果］を選択する。
2. セル範囲【A3:L3】を選択する。
3. ［ホーム］タブをクリックする。
4. ［折り返して全体を表示する］ボタンをクリックする。
5. 項目名の文字列が折り返されたことを確認する。"
1,3,5,7,"シート［教科別集計］のセル【B6】にメモを挿入し「増加傾向」と入力します。","1. シート［教科別集計］選択する。
2.  セル【B6】を選択する。
3. ［校閲］タブをクリックする。
4. ［メモ］をクリックし、一覧から「新しいメモ」を選択する。
5. メモ枠の中に「増加傾向」と入力する。
6. 任意のセルをクリックして、メモの選択を解除する。
7. メモが挿入されたことを確認する。"
1,4,1,1,"シート［焙煎豆売上］のセル範囲【I4:I9】に、1月から6月の売上の大小を表す縦棒スパークラインを挿入します。","1. シート［焙煎豆売上］を選択する。
2. セル範囲【I4:I9】を選択する。
3. ［挿入］タブをクリックする。
4. ［スパークライン］グループの［勝敗］をクリックする。
5. ［データ範囲］ボックスをクリックし、セル範囲【C4:H9】を選択する。
6. ［OK］ボタンをクリックする。
7. 勝敗スパークラインが挿入されたことを確認する。"
1,4,1,2,"シート［ラテ5年比較］の表データをもとに、メニューごとに2019年度と2020年度の売上を比較する集合縦棒グラフを作成します。","1. シート［ラテ5年比較］を選択する。
2. セル範囲【B3:C9】を選択する。
3. ［挿入］タブをクリックする。
4. ［グラフ］グループの［縦棒/横棒グラフの挿入］をクリックする。
5. ［3-D集合縦棒］をクリックする。
6. 任意のセルをクリックし、グラフの選択を解除する。
7. 3-D集合縦棒グラフが挿入されたことを確認する。"
1,4,1,3,"シート［スイーツ下半期］のセル範囲【A3:G10】を項目、【H3:H10】を値として、売上合計を表すドーナツグラフを作成します。凡例にはスイーツ名を表示し、グラフを表の下に移動します。（細かい配置は問いません。）","1. シート［スイーツ下半期］を選択する。
2. セル範囲【A3:G10】を選択し、Ctrlキーを押しながらセル範囲【H3:H10】を選択する。
3. ［挿入］タブをクリックする。
4. ［グラフ］グループの［円またはドーナツ グラフの挿入］をクリックする。
5. ［ドーナツ］をクリックする。
6. ［グラフのデザイン］タブをクリックする。
7. ［グラフ要素を追加］をクリックする。
8. ［凡例］が表示されていることを確認する。
9. グラフエリアをポイントし、表の下にドラッグする。
10. ドーナツグラフが表の右に配置されたことを確認する。"
1,4,1,4,"シート［駅前店売上］の縦棒グラフに、代替テキスト「駅前店の来客グラフ」を追加します。","1. シート［駅前店売上］を選択する。
2. 縦棒グラフを選択する。
3. ［書式］タブをクリックする。
4. ［代替テキストの編集］をクリックする。
5. 代替テキストに「駅前店の来客グラフ」と入力する。
6. ［代替テキスト］作業ウィンドウの閉じる［×］をクリックする。
7. 代替テキストが設定されたことを確認する。"
1,4,2,1,"シート［外来月次］のセル範囲【J4:J9】に、1月から6月の増減の状況を表す勝敗スパークラインを挿入します。","1. シート［処置別月次件数］を選択する。
2. セル範囲【J4:J9】を選択する。
3. ［挿入］タブをクリックする。
4. ［スパークライン］グループの［勝敗］をクリックする。
5. ［データ範囲］ボックスをクリックし、セル範囲【D4:I9】を選択する。
6. ［OK］ボタンをクリックする。
7. 勝敗スパークラインが挿入されたことを確認する。"
1,4,2,2,"シート［過去5年間比較］の表データをもとに、診療科ごとに2022年と2023年の患者数を比較する折れ線グラフを作成します。","1. シート［過去5年間比較］を選択する。
2. セル範囲【B3:D9】を選択する。
3. ［挿入］タブをクリックする。
4. ［グラフ］グループの［折れ線または面グラフの挿入］をクリックする。
5. ［折れ線］をクリックする。
6. 任意のセルをクリックし、グラフの選択を解除する。
7. 折れ線グラフが挿入されたことを確認する。"
1,4,2,3,"シート［処置実績］のセル範囲【B2:B9】を項目、【I2:I9】を値として、件数合計を表す横棒グラフを作成します。凡例を右に表示し、グラフを表の右に移動します。（細かい配置は問いません。）","1. シート［処置別下半期］を選択する。
2. セル範囲【B2:B9】を選択し、Ctrlキーを押しながらセル範囲【I2:I9】を選択する。
3. ［挿入］タブをクリックする。
4. ［グラフ］グループの［縦棒/横棒グラフの挿入］をクリックする。
5. ［集合横棒］をクリックする。
6. ［グラフのデザイン］タブをクリックする。
7. ［グラフ要素を追加］をクリックする。
8. ［凡例］をポイントし、［右］をクリックする。
8. グラフエリアをポイントし、表の右側にドラッグする。
9. 横棒グラフが表の上に配置されたことを確認する。"
1,4,2,4,"シート［本院収益］の円グラフに、代替テキスト「本院収益グラフ」を追加します。","1. シート［外来患者数］を選択する。
2. 円グラフを選択する。
3. ［書式］タブをクリックする。
4. ［代替テキストの編集］をクリックする。
5. 代替テキストに「本院収益グラフ」と入力する。
6. ［代替テキスト］作業ウィンドウの閉じる［×］をクリックする。
7. 代替テキストが設定されたことを確認する。"
1,4,3,1,"シート［部品出荷表］のセル範囲【L5:L10】に、1月から6月の売上の推移を表す折れ線スパークラインを挿入します。","1.  シート［部品出荷表］を選択する。
2.  セル範囲【L5:L10】をドラッグして選択する。
3.  [挿入]タブをクリックする。
4.  [スパークライン]グループの[折れ線]をクリックする。
5. ［データ範囲］ボックスをクリックし、セル範囲【E5:J10】をドラッグして選択する。
6. ［OK］ボタンをクリックする。
7. 折れ線スパークラインが挿入されたことを確認する。"
1,4,3,2,"シート［工場5年実績］の表のデータをもとに、製品ごとに2019年度と2020年度の売上を表す面グラフを作成します。","1.  シート［工場年実績］を選択する。
2.  セル範囲【B3:D9】を選択する。
3.  [挿入]タブをクリックする。
4.  [グラフ]の[折れ線/面グラフの挿入]ボタンをクリックする。
5.［面］をクリックする。
6. 任意のセルをクリックし、グラフの選択を解除する。
7. 面グラフが挿入されたことを確認する。"
1,4,3,3,"シート［資材下半期］のセル範囲【A3:A10】を項目、【F3:F10】を値とする、売上合計の3-D縦棒グラフを作成します。凡例をグラフの下に表示し、表の右側へ移動します。（細かい配置は問いません。）","1. シート［資材下半期］を選択する。
2. セル範囲【A3:A10】を選択し、Ctrlキーを押しながらセル範囲【F3:F10】を選択する。
3. ［挿入］タブをクリックする。
4. ［グラフ］グループの［縦棒/横棒グラフの挿入］をクリックする。
5. ［3-D 集合縦棒］をクリックする。
6. ［グラフのデザイン］タブをクリックする。
7. ［グラフ要素を追加］をクリックする。
8. ［凡例］をポイントし、［下］をクリックする。
9. グラフエリアをポイントし、表の右側にドラッグする。
10. 3-D縦棒グラフが表の右側に配置されたことを確認する。"
1,4,3,4,"シート［第一工場売上］の縦棒グラフに、代替テキスト「第一工場の稼働グラフ」を追加します。","1.  シート［第一工場売上］を選択する。
2.  縦棒グラフを選択する。
3. ［書式］タブをクリックする。
4. ［代替テキストの編集］をクリックする。
5. 代替テキストに「第一工場の稼働グラフ」と入力する。
6. ［代替テキスト］作業ウィンドウの閉じる［×］をクリックする。
7. 代替テキストが設定されたことを確認する。"
1,4,4,1,"シート［ツアー予約月次］のセル範囲【J5:J10】に、1月から6月の増減の状況を表す勝敗スパークラインを挿入します。","1. シート［銀座支店売上］を選択する。
2. セル範囲【J5:J10】を選択する。
3. ［挿入］タブをクリックする。
4. ［スパークライン］グループの［勝敗］をクリックする。
5. ［データ範囲］ボックスをクリックし、セル範囲【E5:I10】を選択する。
6. ［OK］ボタンをクリックする。
7. 縦棒スパークラインが挿入されたことを確認する。"
1,4,4,2,"シート［企画5年推移］のセル範囲【A3:D9】のデータをもとに、企画ごとに2019年度から2021年度の売上を比較する3-D集合横棒グラフを作成します。","1. シート［企画5年推移］を選択する。
2. セル範囲【A3:D9】を選択する。
3. ［挿入］タブをクリックする。
4. ［グラフ］グループの［縦棒/横棒グラフの挿入］をクリックする。
5. ［3-D集合横棒］をクリックする。
6. 任意のセルをクリックし、グラフの選択を解除する。
7. 3-D集合横棒グラフが挿入されたことを確認する。"
1,4,4,3,"シート［宿泊プラン］のセル範囲【B3:B10】を項目、【I3:I10】を値とする、売上合計の推移を表す2-D面グラフを作成します。凡例は上に表示にし、表の下へ移動します。（細かい配置は問いません。）","1. シート［宿泊プラン］を選択する。
2. セル範囲【A3:A10】を選択し、Ctrlキーを押しながらセル範囲【I3:I10】を選択する。
3. ［挿入］タブをクリックする。
4.  [グラフ]の[折れ線/面グラフの挿入]ボタンをクリックする。
5. ［面］をクリックする。
6. ［グラフのデザイン］タブをクリックする。
7. ［グラフ要素を追加］をクリックする。
8. ［凡例］をポイントし、［上］をクリックする。
9. グラフエリアをポイントし、表の下にドラッグする。
10. 2-D面グラフが表の下に配置されたことを確認する。"
1,4,4,4,"シート［銀座支店売上］の横棒グラフに、代替テキスト「銀座支店の予約グラフ」を追加します。","1. シート［銀座支店売上］を選択する。
2. 横棒グラフを選択する。
3. ［書式］タブをクリックする。
4. ［代替テキストの編集］をクリックする。
5. 代替テキストに「銀座支店の予約グラフ」と入力する。
6. ［代替テキスト］作業ウィンドウの閉じる［×］をクリックする。
7. 代替テキストが設定されたことを確認する。"
1,4,5,1,"シート［講座受講月次］のセル範囲【I4:I9】に、10月から3月の売上の推移を表す折れ線スパークラインを挿入します。","1. シート［講座受講月次］を選択する。
2. セル範囲【I4:I9】を選択する。
3. ［挿入］タブをクリックする。
4. ［スパークライン］グループの［折れ線］をクリックする。
5. ［データ範囲］ボックスをクリックし、セル範囲【C4:H9】を選択する。
6. ［OK］ボタンをクリックする。
7. 折れ線スパークラインが挿入されたことを確認する。"
1,4,5,2,"シート［講座5年比較］のセル範囲【B3:F9】のデータをもとに、講座ごとに2021年度から2024年度の売上を比較する3-D縦棒グラフを作成します。","1. シート［講座5年比較］を選択する。
2. セル範囲【B3:F9】を選択する。
3. ［挿入］タブをクリックする。
4. ［グラフ］グループの［縦棒/横棒グラフの挿入］をクリックする。
5. ［3-D集合縦棒］をクリックする。
6. 任意のセルをクリックし、グラフの選択を解除する。
7. 3-D集合縦棒グラフが挿入されたことを確認する。"
1,4,5,3,"シート［教材販売］のセル範囲【A3:A10】を項目、【I3:I10】を値とする、売上合計のドーナツグラフを作成します。凡例は教材名を右に表示し、表の右側へ移動します。（細かい配置は問いません。）","1. シート［教材販売］を選択する。
2. セル範囲【A3:A10】を選択し、Ctrlキーを押しながらセル範囲【I3:I10】を選択する。
3. ［挿入］タブをクリックする。
4. ［グラフ］グループの［円またはドーナツ グラフの挿入］をクリックする。
5. ［ドーナツ］をクリックする。
6. ［グラフのデザイン］タブをクリックする。
7. ［グラフ要素を追加］をクリックする。
8. ［凡例］をポイントし、［右］をクリックする。
9. グラフエリアをポイントし、表の右にドラッグする。
10. ドーナツグラフが表の右に配置されたことを確認する。"
1,4,5,4,"シート［池袋校売上］の面グラフに、代替テキスト「池袋校の受講グラフ」を追加します。","1. シート［池袋校売上］を選択する。
2. 面グラフを選択する。
3. ［書式］タブをクリックする。
4. ［代替テキストの編集］をクリックする。
5. 代替テキストに「池袋校の受講グラフ」と入力する。
6. ［代替テキスト］作業ウィンドウの閉じる［×］をクリックする。
7. 代替テキストが設定されたことを確認する。"
1,5,1,1,"シート［ドリンク売上］のグラフにレイアウトを「レイアウト1」、グラフタイトルを「メニュー別売上」に変更します。","1. シート［ドリンク売上］を選択する。
2. グラフを選択する。
3. ［グラフのデザイン］タブをクリックする。
4. ［クイック レイアウト］をクリックする。
5. 一覧から［レイアウト1］をクリックする。
6. グラフタイトルを選択する。
7. 「メニュー別売上」と入力する。
8. 任意のセルをクリックして、グラフの選択を解除する。
9. グラフのレイアウトが「レイアウト1」に設定され、グラフタイトルが「メニュー別売上」に変更されたことを確認する。"
1,5,1,2,"シート［カテゴリ別売上］のグラフのグラフスタイルを「スタイル9」、配色を「カラフルなパレット3」に変更します。","1. シート［カテゴリ別売上］を選択する。
2. グラフを選択する。
3. ［グラフのデザイン］タブをクリックする。
4. ［クイックスタイル］の▽をクリックし、一覧から［スタイル9］をクリックする。
5. ［色の変更］をクリックする。
6. ［カラフル］の一覧から［カラフルなパレット3］をクリックする。
7. 任意のセルをクリックして、グラフの選択を解除する。
8. グラフスタイルが「スタイル12」、配色が「カラフルなパレット3」に変更されたことを確認する。"
1,5,1,3,"シート［週次売上推移］のグラフのデータを第12週まで追加して、グラフタイトルを「週次売上推移」に変更します。","1. シート［週次売上推移］を選択する。
2. 「グラフエリア」を選択する。
3. 表のデータ範囲が色付きの枠線で囲まれていることを確認する。
4. 青い枠線の右下の■にマウスポインターを合わせ、16行目までドラッグする。
5. グラフタイトルを選択する。
6. 「週次売上推移」と入力する。
7. 任意のセルをクリックして、グラフの選択を解除する。
8. グラフのデータが第12週まで追加され、グラフタイトルが「週次売上推移」に変更されたことを確認する。"
1,5,1,4,"シート［カテゴリ別売上］のグラフの凡例を上に表示します。","1. シート［カテゴリ別売上］を選択する。
2. グラフを選択する。
3. ［グラフのデザイン］タブをクリックする。
4. ［グラフ要素を追加］をクリックする。
5. ［凡例］をポイントする。
6. ［上］をクリックする。
7. グラフの凡例が上に表示されたことを確認する。"
1,5,1,5,"シート［ドリンク売上］のグラフの主横軸の目盛線を非表示にします。","1. シート［ドリンク売上］を選択する。
2. グラフを選択する。
3. ［グラフのデザイン］タブをクリックする。
4. ［グラフ要素を追加］をクリックする。
5. ［目盛線］をポイントする。
6. ［第1主横軸］をクリックする。
7. 任意のセルをクリックして、グラフの選択を解除する。
8. グラフの主横軸の目盛線が非表示になったことを確認する。"
1,5,1,6,"シート［週次売上推移］のグラフに縦軸ラベル「単位：円」を追加します。文字列の方向は問いません。","1. シート［週次売上推移］を選択する。
2. グラフを選択する。
3. ［グラフのデザイン］タブをクリックする。
4. ［グラフ要素を追加］をクリックする。
5. ［軸ラベル］をポイントする。
6. ［第1縦軸］をクリックする。
7. 縦軸ラベルを選択する。
8. 「単位：円」と入力する。
9. 任意のセルをクリックして、グラフの選択を解除する。
10. 縦軸ラベル「単位：円」が追加されたことを確認する。"
1,5,2,1,"シート［診療科構成］のグラフのレイアウトを「レイアウト2」、グラフタイトルを「診療科別構成」に変更します。","1. シート［診療科構成］を選択する。
2. グラフを選択する。
3. ［グラフのデザイン］タブをクリックする。
4. ［クイック レイアウト］をクリックする。
5. 一覧から［レイアウト2］をクリックする。
6. グラフタイトルを選択する。
7. 「診療科別構成」と入力する。
8. 任意のセルをクリックして、グラフの選択を解除する。
9. グラフのレイアウトが「レイアウト2」に設定され、グラフタイトルが「診療科別構成」に変更されたことを確認する。"
1,5,2,2,"シート［処置別売上］のグラフのグラフスタイルを「スタイル4」、グラフの配色を「カラフルなパレット２」に変更します。","1. シート［処置別売上］を選択する。
2. グラフを選択する。
3. ［グラフのデザイン］タブをクリックする。
4. ［クイックスタイル］の▽をクリックし、一覧から［スタイル4］をクリックする。
5. ［色の変更］をクリックする。
6. ［カラフル］の一覧から［カラフルなパレット2］をクリックする。
7. 任意のセルをクリックして、グラフの選択を解除する。
8. グラフスタイルが「スタイル2」、配色が「カラフルなパレット2」に変更されたことを確認する。"
1,5,2,3,"シート［月次収益推移］のグラフに「12月」までのデータを追加してマーカーなしのデータテーブルを表示します。","1. シート［月次収益推移］を選択する。
2. 「グラフエリア」を選択する。
3. 表のデータ範囲が色付きの枠線で囲まれていることを確認する。
4. 青い枠線の右下の■にマウスポインターを合わせ、12月までドラッグする。
5. ［グラフのデザイン］タブをクリックする。
6. ［グラフ要素を追加］をクリックする。
7. ［データ テーブル］をポイントする。
8. ［凡例マーカーなし］をクリックする。
9. 任意のセルをクリックして、グラフの選択を解除する。
10. グラフのデータが12月まで追加され、マーカーなしのデータテーブルが表示されたことを確認する。"
1,5,2,4,"シート［処置別売上］のグラフにデータラベルを中央に表示します。","1. シート［処置別売上］を選択する。
2. グラフを選択する。
3. ［グラフのデザイン］タブをクリックする。
4. ［グラフ要素を追加］をクリックする。
5. ［データ ラベル］をポイントする。
6. ［中央］をクリックする。
7. 任意のセルをクリックして、グラフの選択を解除する。
8. グラフにデータラベルが中央に表示されたことを確認する。"
1,5,2,5,"シート［月次収益推移］のグラフに第1補助横軸を表示します。","1. シート［月次収益推移］を選択する。
2. グラフを選択する。
3. ［グラフのデザイン］タブをクリックする。
4. ［グラフ要素を追加］をクリックする。
5. ［目盛線］をポイントする。
6. ［第1補助横軸］をクリックする。
7. 任意のセルをクリックして、グラフの選択を解除する。
8. グラフに第1補助横軸の目盛線が表示されたことを確認する。"
1,5,2,6,"シート［月次収益推移］のグラフの縦軸ラベルを非表示にします。","1. シート［月次収益推移］を選択する。
2. グラフを選択する。
3. ［グラフのデザイン］タブをクリックする。
4. ［グラフ要素を追加］をクリックする。
5. ［軸ラベル］をポイントする。
6. ［第1縦軸］をクリックする。
7. 任意のセルをクリックして、グラフの選択を解除する。
8. グラフの縦軸ラベルが非表示になったことを確認する。"
1,5,3,1,"シート［製品構成比］のグラフのレイアウトを「レイアウト6」、グラフタイトルを「製品別構成」に変更します。","1. シート［製品構成比］を選択する。
2. グラフを選択する。
3. ［グラフのデザイン］タブをクリックする。
4. ［クイック レイアウト］をクリックする。
5. 一覧から［レイアウト6］をクリックする。
6. グラフタイトルを選択する。
7. 「製品別構成」と入力する。
8. 任意のセルをクリックして、グラフの選択を解除する。
9. グラフのレイアウトが「レイアウト6」に設定され、グラフタイトルが「製品別構成」に変更されたことを確認する。"
1,5,3,2,"シート［ライン別出荷］のグラフスタイルを「スタイル3」、グラフの配色を「モノクロ パレット5」に変更します。","1. シート［ライン別出荷］を選択する。
2. グラフを選択する。
3. ［グラフのデザイン］タブをクリックする。
4. ［クイックスタイル］の▽をクリックし、一覧から［スタイル3］をクリックする。
5. ［色の変更］をクリックする。
6. ［モノクロ］の一覧から［モノクロ パレット5］をクリックする。
7. 任意のセルをクリックして、グラフの選択を解除する。
8. グラフスタイルが「スタイル3」、配色が「モノクロ パレット5」に変更されたことを確認する。"
1,5,3,3,"シート［ライン別出荷］のグラフから第9ラインと第10ラインを除き、データラベルを表示します。","1. シート［ライン別出荷］を選択する。
2. 「グラフエリア」を選択する。
3. 表のデータ範囲が色付きの枠線で囲まれていることを確認する。
4. 青い枠線の右側の■にマウスポインターを合わせ、11行目までドラッグする。
5. ［グラフのデザイン］タブをクリックする。
6. ［グラフ要素を追加］をクリックする。
7. ［データ ラベル］をポイントする。
8. ［表示］をクリックする。
9. 任意のセルをクリックして、グラフの選択を解除する。
10. グラフから第9ラインと第10ラインが除かれ、データラベルが表示されたことを確認する。"
1,5,3,4,"シート［工場週次実績］のグラフに凡例を右に表示します。","1. シート［工場週次実績］を選択する。
2. グラフを選択する。
3. ［グラフのデザイン］タブをクリックする。
4. ［グラフ要素を追加］をクリックする。
5. ［凡例］をポイントする。
6. ［右］をクリックする。
7. 任意のセルをクリックして、グラフの選択を解除する。
8. グラフの凡例が右に表示されたことを確認する。"
1,5,3,5,"シート［工場週次実績］のグラフに横軸を表示します。","1. シート［工場週次実績］を選択する。
2. グラフを選択する。
3. ［グラフのデザイン］タブをクリックする。
4. ［グラフ要素を追加］をクリックする。
5. ［軸］をポイントする。
6. ［第1横軸］をクリックする。
7. 任意のセルをクリックして、グラフの選択を解除する。
8. グラフに第1横軸が表示されたことを確認する。"
1,5,3,6,"シート［工場週次実績］のグラフに第１横軸ラベル「週」を表示します。","1. シート［工場週次実績］を選択する。
2. グラフを選択する。
3. ［グラフのデザイン］タブをクリックする。
4. ［グラフ要素を追加］をクリックする。
5. ［軸ラベル］をポイントする。
6. ［第1横軸］をクリックする。
7. 横軸ラベルを選択する。
8. 「週」と入力する。
9. 任意のセルをクリックして、グラフの選択を解除する。
10. 第1横軸ラベル「週」が表示されたことを確認する。"
1,5,4,1,"シート［ツアー構成］のグラフのレイアウトを「レイアウト5」、グラフタイトルを「ツアー別構成」に変更します。","1. シート［ツアー構成］を選択する。
2. グラフを選択する。
3. ［グラフのデザイン］タブをクリックする。
4. ［クイック レイアウト］をクリックする。
5. 一覧から［レイアウト5］をクリックする。
6. グラフタイトルを選択する。
7. 「ツアー別構成」と入力する。
8. 任意のセルをクリックして、グラフの選択を解除する。
9. グラフのレイアウトが「レイアウト5」に設定され、グラフタイトルが「ツアー別構成」に変更されたことを確認する。"
1,5,4,2,"シート［地域別売上］のグラフスタイルを「スタイル8」、グラフの配色を「モノクロ パレット12」に変更します。","1. シート［地域別売上］を選択する。
2. グラフを選択する。
3. ［グラフのデザイン］タブをクリックする。
4. ［クイックスタイル］の▽をクリックし、一覧から［スタイル8］をクリックする。
5. ［色の変更］をクリックする。
6. ［モノクロ］の一覧から［モノクロ パレット12］をクリックする。
7. 任意のセルをクリックして、グラフの選択を解除する。
8. グラフスタイルが「スタイル8」、配色が「モノクロ パレット12」に変更されたことを確認する。"
1,5,4,3,"シート［地域別売上］のグラフから「海外」を除き、吹き出しのデータラベルを表示します。","1. シート［地域別売上］を選択する。
2. 「グラフエリア」を選択する。
3. 表のデータ範囲が色付きの枠線で囲まれていることを確認する。
4. 青い枠線の下側の■にマウスポインターを合わせ、13行目までドラッグする。
5. ［グラフのデザイン］タブをクリックする。
6. ［グラフ要素を追加］をクリックする。
7. ［データ ラベル］をポイントする。
8. ［データ吹き出し］をクリックする。
9. 任意のセルをクリックして、グラフの選択を解除する。
10. グラフから「海外」が除かれ、吹き出しのデータラベルが表示されたことを確認する。"
1,5,4,4,"シート［月次予約推移］のグラフに12月までのデータを追加して、凡例を左に表示します。","1. シート［月次予約推移］を選択する。
2. 「グラフエリア」を選択する。
3. 表のデータ範囲が色付きの枠線で囲まれていることを確認する。
4. 青い枠線の下側の■にマウスポインターを合わせ、13行目までドラッグする。
5. ［グラフのデザイン］タブをクリックする。
6. ［グラフ要素を追加］をクリックする。
7. ［凡例］をポイントする。
8. ［左］をクリックする。
9. 任意のセルをクリックして、グラフの選択を解除する。
10. グラフのデータが12月まで追加され、凡例が左に表示されたことを確認する。"
1,5,4,5,"シート［月次予約推移］のグラフに第1横軸ラベル「月」を表示します。","1. シート［月次予約推移］を選択する。
2. グラフを選択する。
3. ［グラフのデザイン］タブをクリックする。
4. ［グラフ要素を追加］をクリックする。
5. ［軸ラベル］をポイントする。
6. ［第1横軸］をクリックする。
7. 横軸ラベルを選択する。
8. 「月」と入力する。
9. 任意のセルをクリックして、グラフの選択を解除する。
10. 第1横軸ラベル「月」が表示されたことを確認する。"
1,5,4,6,"シート［月次予約推移］のグラフの縦軸を非表示にします。","1. シート［月次予約推移］を選択する。
2. グラフを選択する。
3. ［グラフのデザイン］タブをクリックする。
4. ［グラフ要素を追加］をクリックする。
5. ［軸］をポイントする。
6. ［第1縦軸］をクリックする。
7. 任意のセルをクリックして、グラフの選択を解除する。
8. グラフの縦軸が非表示になったことを確認する。"
1,5,5,1,"シート［講座構成］のグラフのレイアウトを「レイアウト5」、グラフタイトルを「講座別構成」に変更します。","1. シート［講座構成］を選択する。
2. グラフを選択する。
3. ［グラフのデザイン］タブをクリックする。
4. ［クイック レイアウト］をクリックする。
5. 一覧から［レイアウト5］をクリックする。
6. グラフタイトルを選択する。
7. 「講座別構成」と入力する。
8. 任意のセルをクリックして、グラフの選択を解除する。
9. グラフのレイアウトが「レイアウト5」に設定され、グラフタイトルが「講座別構成」に変更されたことを確認する。"
1,5,5,2,"シート［学部別受講］のグラフスタイルを「スタイル16」、グラフの配色を「モノクロ パレット4」に変更します。","1. シート［学部別受講］を選択する。
2. グラフを選択する。
3. ［グラフのデザイン］タブをクリックする。
4. ［クイックスタイル］の▽をクリックし、一覧から［スタイル16］をクリックする。
5. ［色の変更］をクリックする。
6. ［モノクロ］の一覧から［モノクロ パレット4］をクリックする。
7. 任意のセルをクリックして、グラフの選択を解除する。
8. グラフスタイルが「スタイル16」、配色が「モノクロ パレット4」に変更されたことを確認する。"
1,5,5,3,"シート［学部別受講］のグラフから「情報学部」と「薬学部」を除き、データラベルを「内部内側」に表示します。","1. シート［学部別受講］を選択する。
2. グラフの「グラフエリア」を選択する。
3. 表のデータ範囲が色付きの枠線で囲まれていることを確認する。
4. 青い枠線の下側の■にマウスポインターを合わせ、12行目までドラッグする。
5. ［グラフのデザイン］タブをクリックする。
6. ［グラフ要素を追加］をクリックする。
7. ［データ ラベル］をポイントする。
8. ［内部内側］をクリックする。
9. 任意のセルをクリックして、グラフの選択を解除する。
10. グラフから「情報学部」と「薬学部」が除かれ、データラベルが内部内側に表示されたことを確認する。"
1,5,5,4,"シート［月次申込推移］のグラフに12月までのデータを追加して、主縦軸の目盛線を表示します。","1. シート［月次申込推移］を選択する。
2. グラフの「グラフエリア」を選択する。
3. 表のデータ範囲が色付きの枠線で囲まれていることを確認する。
4. 青い枠線の下側の■にマウスポインターを合わせ、13行目までドラッグする。
5. ［グラフのデザイン］タブをクリックする。
6. ［グラフ要素を追加］をクリックする。
7. ［目盛線］をポイントする。
8. ［第1主縦軸］をクリックする。
9. 任意のセルをクリックして、グラフの選択を解除する。
10. グラフのデータが12月まで追加され、主縦軸の目盛線が表示されたことを確認する。"
1,5,5,5,"シート［月次申込推移］のグラフに縦軸ラベル「単位:人」を表示します。文字列の方向は問いません。","1. シート［月次申込推移］を選択する。
2. グラフを選択する。
3. ［グラフのデザイン］タブをクリックする。
4. ［グラフ要素を追加］をクリックする。
5. ［軸ラベル］をポイントする。
6. ［第1縦軸］をクリックする。
7. 縦軸ラベルを選択する。
8. 「単位:人」と入力する。
9. 任意のセルをクリックして、グラフの選択を解除する。
10. 縦軸ラベル「単位:人」が表示されたことを確認する。"
1,5,5,6,"シート［月次申込推移］のグラフにデータラベルを「上」に表示します。","1. シート［月次申込推移］を選択する。
2. グラフを選択する。
3. ［グラフのデザイン］タブをクリックする。
4. ［グラフ要素を追加］をクリックする。
5. ［データ ラベル］をポイントする。
6. ［上］をクリックする。
7. 任意のセルをクリックして、グラフの選択を解除する。
8. グラフのデータラベルが上に表示されたことを確認する。"
1,6,1,1,"シート［メニュー注文一覧］の1～5行目が、常に表示されるように設定します。","1. シート［メニュー注文一覧］を選択する。
2. セル【A6】を選択する。
3. ［表示］タブをクリックする。
4. ［ウィンドウ枠の固定］をクリックする。
5. ［ウィンドウ枠の固定］をクリックする。
6. スクロールしても1～5行目が画面上部に表示されることを確認する。"
1,6,1,2,"シート［メニュー注文一覧］の文字列「本日のおすすめブレンド」に、「https://cafe-example.jp/menu」のハイパーリンクを挿入します。","1. シート［メニュー注文一覧］を選択する。
2. セル【B3】を選択する。
3. ［挿入］タブをクリックする。
4. ［リンク］をクリックする。
5. ［リンク先］で［ファイル、Webページ］を選択する。
6. ［アドレス］ボックスをクリックし、「https://cafe-example.jp/menu」と入力する。
7. ［OK］ボタンをクリックする。
8. セル【B3】にマウスポインターを合わせると、リンク先が表示されることを確認する。"
1,6,1,3,"シート［店舗月次実績］の「1月」から「6月」までの数値の書式を「通貨」に変更します。小数点は表示されないようにします。","1. シート［店舗月次実績］を選択する。
2. セル範囲【C5:F10】を選択する。
3. ［ホーム］タブをクリックする。
4. ［数値の書式］をクリックする。
5. ［通貨］をクリックする。
6. 通貨表示が設定され、小数点以下が表示されていないことを確認する。"
1,6,1,4,"プロパティの状態に「確定版」を追加します。","1. ［ファイル］タブをクリックする。
2. ［情報］をクリックする。
3. ［すべてのプロパティを表示］をクリックする。
4. ［状態］の右側の［テキストを追加］をクリックし、「確定版」と入力する。
5. 左上の［戻る］をクリックする。
6. プロパティの状態が「確定版」に設定されたことを確認する。"
1,6,2,1,"シート［外来受付一覧］のA列からB列が、常に表示されるように設定します。","1. シート［外来受付一覧］を選択する。
2. 列番号【C】を選択する。
3. ［表示］タブをクリックする。
4. ［ウィンドウ枠の固定］をクリックする。
5. ［ウィンドウ枠の固定］をクリックする。
6. 横方向にスクロールしてもA列～B列が画面左端に表示されることを確認する"
1,6,2,2,"シート［外来受付一覧］の文字列「オンライン予約はこちら」に、「https://clinic-example.jp/reserve」のハイパーリンクを挿入します。","1. シート［外来受付一覧］を選択する。
2. セル【J2】を選択する。
3. ［挿入］タブをクリックする。
4. ［リンク］をクリックする。
5. ［リンク先］で［ファイル、Webページ］を選択する。
6. ［アドレス］ボックスをクリックし、「https://clinic-example.jp/reserve」と入力する。
7. ［OK］ボタンをクリックする。
8. セル【J2】にマウスポインターを合わせると、リンク先が表示されることを確認する。"
1,6,2,3,"シート［月次診療実績］の10月から3月の数値の書式を「通貨」に変更します。小数点以下1桁まで表示されるようにします。","1. シート［月次診療実績］を選択する。
2. セル範囲【C5:F10】を選択する。
3. ［ホーム］タブをクリックする。
4. ［数値の書式］をクリックする。
5. ［通貨］をクリックする。
6. ［小数点以下の桁数を増やす］をクリックする。
7. 通貨表示が設定され、小数点以下1桁が表示されたことを確認する。"
1,6,2,4,"プロパティのタグに「診療事務課」と追加します。","1. ［ファイル］タブをクリックする。
2. ［情報］をクリックする。
3. ［すべてのプロパティを表示］をクリックする。
4. ［タグ］の右側の［タグを追加］をクリックし、「診療事務課」と入力する。
5. 左上の［戻る］をクリックする。
6. プロパティのタグが「診療事務課」に設定されたことを確認する。"
1,6,3,1,"シート［製造受注一覧］の1～4行目が、常に表示されるように設定します。","1. シート［製造受注一覧］を選択する。
2. 行番号【5】を選択する。
3. ［表示］タブをクリックする。
4. ［ウィンドウ枠の固定］をクリックする。
5. ［ウィンドウ枠の固定］をクリックする。
6. 縦方向にスクロールしても1～4行目が画面上部に表示されることを確認する。"
1,6,3,2,"シート［製造受注一覧］の文字列「部品仕様データベース」に、「https://factory-example.jp/parts」のハイパーリンクを挿入します。","1. シート［製造受注一覧］を選択する。
2. セル【H1】を選択する。
3. ［挿入］タブをクリックする。
4. ［リンク］をクリックする。
5. ［リンク先］で［ファイル、Webページ］を選択する。
6. ［アドレス］ボックスをクリックし、「https://factory-example.jp/parts」と入力する。
7. ［OK］ボタンをクリックする。
8. セル【H1】にマウスポインターを合わせると、リンク先が表示されることを確認する。"
1,6,3,3,"シート［工場月次実績］の2021年から2026年の数値の書式を「会計」に変更します。","1. シート［工場月次実績］を選択する。
2. セル範囲【B4:G10】を選択する。
3. ［ホーム］タブをクリックする。
4. ［数値の書式］をクリックする。
5. ［通貨］をクリックする。
6. ［小数点以下の桁数を増やす］をクリックする。
7. 通貨表示が設定され、小数点以下1桁が表示されたことを確認する。"
1,6,3,4,"プロパティの会社に「サンプル製造株式会社」と追加します。","1. ［ファイル］タブをクリックする。
2. ［情報］をクリックする。
3. ［すべてのプロパティを表示］をクリックする。
4. ［会社］の右側の［会社名を指定］をクリックし、「サンプル製造株式会社」と入力する。
5. 左上の［戻る］をクリックする。
6. プロパティの会社名が「サンプル製造株式会社」に設定されたことを確認する。"
1,6,4,1,"シート［ツアー予約一覧］のA列からC列が、常に表示されるように設定します。","1. シート［ツアー予約一覧］を選択する。
2. 列番号【D】を選択する。
3. ［表示］タブをクリックする。
4. ［ウィンドウ枠の固定］をクリックする。
5. ［ウィンドウ枠の固定］をクリックする。
6. 横方向にスクロールしてもA～C列が画面左端に表示されることを確認する。"
1,6,4,2,"シート［ツアー予約一覧］の文字列「公式ツアーサイト」に、「https://travel-example.jp/tours」のハイパーリンクを挿入します。","1. シート［ツアー予約一覧］を選択する。
2. セル【J4】を選択する。
3. ［挿入］タブをクリックする。
4. ［リンク］をクリックする。
5. ［リンク先］で［ファイル、Webページ］を選択する。
6. ［アドレス］ボックスをクリックし、「https://travel-example.jp/tours」と入力する。
7. ［OK］ボタンをクリックする。
8. セル【J4】にマウスポインターを合わせると、リンク先が表示されることを確認する。"
1,6,4,3,"シート［旅行月次実績］の10月から3月の数値の書式を「通貨」に変更します。小数点以下1桁まで表示されるようにします。","1. シート［旅行月次実績］を選択する。
2. セル範囲【B5:G10】を選択する。
3. ［ホーム］タブをクリックする。
4. ［数値の書式］をクリックする。
5. ［通貨］をクリックする。
6. ［小数点以下の桁数を増やす］をクリックする。
7. 通貨表示が設定され、小数点以下1桁が表示されたことを確認する。"
1,6,4,4,"プロパティのコメントに「旅行予約管理」と追加します。","1. ［ファイル］タブをクリックする。
2. ［情報］をクリックする。
3. ［すべてのプロパティを表示］をクリックする。
4. ［コメント］の右側の［コメントを追加］をクリックし、「旅行予約管理」と入力する。
5. 左上の［戻る］をクリックする。
6. プロパティのコメントに「旅行予約管理」が設定されたことを確認する。"
1,6,5,1,"シート［講座受講一覧］のA列からD列が、常に表示されるように設定します。","1. シート［講座受講一覧］を選択する。
2. 列番号【E】を選択する。
3. ［表示］タブをクリックする。
4. ［ウィンドウ枠の固定］をクリックする。
5. ［ウィンドウ枠の固定］をクリックする。
6. 横方向にスクロールしてもA～D列が画面左端に表示されることを確認する。"
1,6,5,2,"シート［講座受講一覧］の文字列「受講申込フォーム」に、「https://juku-example.jp/apply」のハイパーリンクを挿入します。","1. シート［講座受講一覧］を選択する。
2. セル【I4】を選択する。
3. ［挿入］タブをクリックする。
4. ［リンク］をクリックする。
5. ［リンク先］で［ファイル、Webページ］を選択する。
6. ［アドレス］ボックスをクリックし、「https://juku-example.jp/apply」と入力する。
7. ［OK］ボタンをクリックする。
8. セル【I4】にマウスポインターを合わせると、リンク先が表示されることを確認する。"
1,6,5,3,"シート［クラス別集計］の英語から総合までの数値の書式を「通貨」に変更します。小数点以下は表示されないようにします。","1. シート［クラス別集計］を選択する。
2. セル範囲【B4:G9】を選択する。
3. ［ホーム］タブをクリックする。
4. ［数値の書式］をクリックする。
5. ［通貨］をクリックする。
6. 通貨表示が設定されたことを確認する。"
1,6,5,4,"プロパティの分類に「学習塾収益」と追加します。","1. ［ファイル］タブをクリックする。
2. ［情報］をクリックする。
3. ［すべてのプロパティを表示］をクリックする。
4. ［分類］の右側の［分類を追加］をクリックし、「学習塾収益」と入力する。
5. 左上の［戻る］をクリックする。
6. プロパティの分類に「学習塾収益」が設定されたことを確認する。"
1,7,1,1,"シート［注文集計報告］の数式を表示します。","1. シート［注文集計報告］を選択する。
2. 数式を表示する。
3. 数式が表示されたことを確認する。"
1,7,1,2,"シート［仕入明細］の表を「商品名」の降順で並べ替え、「商品名」が同じ場合は「発注日」の昇順に並べ替えします。","1. シート［仕入明細］を選択する。
2. 表内の任意のセルを選択する。
3. ［データ］タブをクリックする。
4. ［並べ替え］をクリックする。
5. ［先頭行をデータの見出しとして使用する］にチェックが入っていることを確認する。
6. ［最優先されるキー］の［列］に「商品名」、［順序］に「降順」を選択する。
7. ［レベルの追加］をクリックする。
8. ［次に優先されるキー］の［列］に「発注日」、［順序］に「新しい順」を選択する。
9. ［OK］をクリックする。
10. 表が並べ替えされたことを確認する。"
1,7,1,3,"シート［下半期売上］の「7月」から「12月」の列に、アイコンセット「3つの矢印（色分け）」を設定します。","1. シート［下半期売上］を選択する。
2. セル範囲【C4:H9】を選択する。
3. ［ホーム］タブをクリックする。
4. ［条件付き書式］をクリックする。
5. ［アイコンセット］をポイントする。
6. ［3つの矢印（色分け）］をクリックする。
7. セルにアイコンセットが設定されたことを確認する。"
1,7,1,4,"シート［下半期売上］の「7月」から「12月」の列に、条件付き書式を使って「4800」と等しいセルに「濃い黄色の文字、黄色の背景」を設定します。","1. シート［下半期売上］を選択する。
2. セル範囲【C4:H9】を選択する。
3. ［ホーム］タブをクリックする。
4. ［条件付き書式］をクリックする。
5. ［セルの強調表示ルール］をポイントし、［指定の値に等しい］をクリックする。
6. 左のボックスに「4800」と入力する。
7. 右の一覧から「濃い黄色の文字、黄色の背景」を選択する。
8. ［OK］をクリックする。
9. 条件付き書式が設定されたことを確認する。"
1,7,1,5,"シート「仕入明細」のヘッダーの右に現在の日付を挿入します。","1. シート［仕入明細］を選択する。
2. ［挿入］タブをクリックする。
3. ［ヘッダーとフッター］をクリックする。
4. ［ヘッダーとフッター］タブが表示されたことを確認する。
5. ページ上部の右側のヘッダー領域をクリックする。
6. ［現在の日付］をクリックする。
7. ヘッダーの右側に「&[日付]」が挿入されたことを確認する。
8. 表内の任意のセルを選択する。
9. ［表示］タブをクリックする。
10. ［標準］をクリックする。
11. 標準表示に戻ったことを確認する。"
1,7,1,6,"シート「仕入明細」のフッターの右に「P/N」を挿入してください。「P」はページ番号、「N」は総ページ数とします。","1. シート［仕入明細］を選択する。
2. ［挿入］タブをクリックする。
3. ［ヘッダーとフッター］をクリックする。
4. ［ヘッダーとフッター］タブが表示されたことを確認する。
5. ページ下部の右側のフッター領域をクリックする。
6. ［ページ番号］をクリックする。
7. 「/」を入力する。
8. ［ページ数］をクリックする。
9. フッターの右側に「&[ページ番号]/&[総ページ数]」と表示したことを確認する。
10. 表内の任意のセルを選択する。
11. ［表示］タブをクリックする。
12. ［標準］をクリックする。
13. 標準表示に戻ったことを確認する。"
1,7,1,7,"ブックにアクセシビリティチェックを実行し、おすすめアクションから、負の数をマイナス記号のついた黒色で表示する形式を選択します。正解の形式が複数ある場合があります。","1. ［ファイル］タブをクリックする。
2. ［情報］をクリックする。
3. ［問題のチェック］をクリックする。
4. ［アクセシビリティのチェック］をクリックする。
5. アクセシビリティチェックの結果が表示されたことを確認する。
6. ［赤の書式を使用しない］をクリックし、［セルの書式設定］をクリックする。
7.  ［負の数表示形式］から「-1,234」の形式を選択する。
8. ［OK］をクリックする。
9. 「問題ないようです。問題は見つかりませんでした。」と表示されたことを確認する。
10. アクセシビリティチェックのウィンドウを閉じる。"
1,7,2,1,"シート［診療集計報告］の数式を表示します。","1. シート［診療集計報告］を選択する。
2. 数式を表示する。
3. 数式が表示されたことを確認する。"
1,7,2,2,"シート［薬品発注明細］の表を「診療科」の昇順で並べ替え、「診療科」が同じ場合は「数量」の降順に並べ替えします。","1. シート［薬品発注明細］を選択する。
2. 表内の任意のセルを選択する。
3. ［データ］タブをクリックする。
4. ［並べ替えとフィルター］グループの［並べ替え］をクリックする。
5. ［先頭行をデータの見出しとして使用する］にチェックが入っていることを確認する。
6. ［最優先されるキー］の［列］に「診療科」、［順序］に「昇順」を選択する。
7. ［レベルの追加］をクリックする。
8. ［次に優先されるキー］の［列］に「数量」、［順序］に「大きい順」を選択する。
9. ［OK］をクリックする。
10. 表が並べ替えされたことを確認する。"
1,7,2,3,"シート［救急外来件数］の「年間合計」の列に、青いグラデーションのデータバーを表示します。","1. シート［救急外来件数］を選択する。
2. セル範囲【K5:K10】を選択する。
3. ［ホーム］タブをクリックする。
4. ［条件付き書式］をクリックする。
5. ［データバー］をポイントする。
6. ［塗りつぶしグラデーション］の［青のデータ バー］をクリックする。
7. セルに青いグラデーションのデータバーが表示されたことを確認する。"
1,7,2,4,"シート［救急外来件数］の「4月」から「12月」の列に、条件付き書式を使って、1000より小さいセルに「濃い緑の文字、緑の背景」を設定します。","1. シート［救急外来件数］を選択する。
2. セル範囲【B5:J10】を選択する。
3. ［ホーム］タブをクリックする。
4. ［条件付き書式］をクリックする。
5. ［セルの強調表示ルール］をポイントし、［指定の値より小さい］をクリックする。
6. 左のボックスに「1000」と入力する。
7. 右の一覧から「濃い緑の文字、緑の背景」を選択する。
8. ［OK］をクリックする。
9. 条件付き書式が設定されたことを確認する。"
1,7,2,5,"シート「薬品発注明細」のヘッダーの左に現在の時刻を挿入します。","1. シート［薬品発注明細］を選択する。
2. ［挿入］タブをクリックする。
3. ［ヘッダーとフッター］をクリックする。
4. ［ヘッダーとフッター］タブが表示されたことを確認する。
5. ページ上部の左側のヘッダー領域をクリックする。
6. ［現在の時刻］をクリックする。
7. ヘッダーの左側に「&[時刻]」が挿入されたことを確認する。
8. 表内の任意のセルを選択する。
9. ［表示］タブをクリックする。
10. ［標準］をクリックする。
11. 標準表示に戻ったことを確認する。"
1,7,2,6,"シート「薬品発注明細」のフッターの中央にページ数を挿入します。","1. シート［薬品発注明細］を選択する。
2. ［挿入］タブをクリックする。
3. ［ヘッダーとフッター］をクリックする。
4. ［ヘッダーとフッター］タブが表示されたことを確認する。
5. ページ下部の左側のフッター領域をクリックする。
6. ［ページ数］をクリックする。
9. フッターの左側に「&[総ページ数]」が挿入されたことを確認する。
10. 表内の任意のセルを選択する。
11. ［表示］タブをクリックする。
12. ［標準］をクリックする。
13. 標準表示に戻ったことを確認する。"
1,7,2,7,"ブックにアクセシビリティチェックを実行し、おすすめアクションから、負の数を黒色の括弧で表示する形式を選択します。正解の形式が複数ある場合があります。","1. ［ファイル］タブをクリックする。
2. ［情報］をクリックする。
3. ［問題のチェック］をクリックする。
4. ［アクセシビリティのチェック］をクリックする。
5. アクセシビリティチェックの結果が表示されたことを確認する。
6. ［赤の書式を使用しない］をクリックし、［セルの書式設定］をクリックする。
7. ［負の数表示形式］から、負の数を黒色の括弧で表示する形式を選択する。
8. ［OK］をクリックする。
9. 「問題ないようです。問題は見つかりませんでした。」と表示されたことを確認する。
10. アクセシビリティチェックのウィンドウを閉じる。"
1,7,3,1,"シート［生産集計報告］の数式を表示します。","1. シート［生産集計報告］を選択する。
2. 数式を表示する。
3. 数式が表示されたことを確認する。"
1,7,3,2,"シート［部品発注明細］の表を「部品名」の昇順で並べ替え、「部品名」が同じ場合は「発注数」の昇順に並べ替えします。","1. シート［部品発注明細］を選択する。
2. 表内の任意のセルを選択する。
3. ［データ］タブをクリックする。
4. ［並べ替えとフィルター］グループの［並べ替え］をクリックする。
5. ［先頭行をデータの見出しとして使用する］にチェックが入っていることを確認する。
6. ［最優先されるキー］の［列］に「部品名」、［順序］に「昇順」を選択する。
7. ［レベルの追加］をクリックする。
8. ［次に優先されるキー］の［列］に「発注数」、［順序］に「小さい順」を選択する。
9. ［OK］をクリックする。
10. 表が並べ替えされたことを確認する。"
1,7,3,3,"シート［工場上半期］の「4月」から「9月」の列に、アイコンセット「3種類の三角形」を設定します。","1. シート［工場上半期］を選択する。
2. セル範囲【B5:G10】を選択する。
3. ［ホーム］タブをクリックする。
4. ［条件付き書式］をクリックする。
5. ［アイコンセット］をポイントする。
6. ［3種類の三角形］をクリックする。
7. アイコンセットが設定されたことを確認する。"
1,7,3,4,"シート［部品発注明細］の「使用数」の列に、条件付き書式を使って500より大きいセルに「明るい赤の背景」を設定します。","1. シート［部品発注明細］を選択する。
2. セル範囲【B5:G24】を選択する。
3. ［ホーム］タブをクリックする。
4. ［条件付き書式］をクリックする。
5. ［セルの強調表示ルール］をポイントし、［指定の値より大きい］をクリックする。
6. 左のボックスに「500」と入力する。
7. 右の一覧から「明るい赤の背景」を選択する。
8. ［OK］をクリックする。
9. 条件付き書式が設定されたことを確認する。"
1,7,3,5,"シート「部品発注明細」のヘッダーの中央にファイル名を挿入します。","1. シート［部品発注明細］を選択する。
2. ［挿入］タブをクリックする。
3. ［ヘッダーとフッター］をクリックする。
4. ［ヘッダーとフッター］タブが表示されたことを確認する。
5. ページ上部の中央のヘッダー領域をクリックする。
6. ［ファイル名］をクリックする。
7. ヘッダーの中央に「&[ファイル名]」が挿入されたことを確認する。
8. 表内の任意のセルを選択する。
9. ［表示］タブをクリックする。
10. ［標準］をクリックする。
11. 標準表示に戻ったことを確認する。"
1,7,3,6,"シート「部品発注明細」のフッターの右にページ番号を挿入します。","1. シート［部品発注明細］を選択する。
2. ［挿入］タブをクリックする。
3. ［ヘッダーとフッター］をクリックする。
4. ［ヘッダーとフッター］タブが表示されたことを確認する。
5. ページ下部の右側のフッター領域をクリックする。
6. ［ページ番号］をクリックする。
7. フッターの右側に「&[総ページ数]」が挿入されたことを確認する。
8. ［表示］タブをクリックする。
9. ［標準］をクリックする。
10. 標準表示に戻ったことを確認する。"
1,7,3,7,"ブックにアクセシビリティチェックを実行し、おすすめアクションから、負の数に白い三角形を表示する形式を選択します。正解の形式が複数ある場合があります。","1. ［ファイル］タブをクリックする。
2. ［情報］をクリックする。
3. ［問題のチェック］をクリックする。
4. ［アクセシビリティのチェック］をクリックする。
5. アクセシビリティチェックの結果が表示されたことを確認する。
6. ［赤の書式を使用しない］をクリックし、［セルの書式設定］をクリックする。
7. ［負の数表示形式］から、負の数に白い三角形を表示する形式を選択する。
8. ［OK］をクリックする。
9. 「問題ないようです。問題は見つかりませんでした。」と表示されたことを確認する。
10. アクセシビリティチェックのウィンドウを閉じる。"
1,7,4,1,"シート［予約集計報告］の数式を表示します。","1. シート［注文集計報告］を選択する。
2. 数式を表示する。
3. 数式が表示されたことを確認する。"
1,7,4,2,"シート［航空券明細］の表を「航空会社」の降順で並べ替え、「航空会社」が同じ場合は「発券枚数」の昇順に並べ替えします。","1. シート［航空券明細］を選択する。
2. 表内の任意のセルを選択する。
3. ［データ］タブをクリックする。
4. ［並べ替えとフィルター］グループの［並べ替え］をクリックする。
5. ［先頭行をデータの見出しとして使用する］にチェックが入っていることを確認する。
6. ［最優先されるキー］の［列］に「航空会社」、［順序］に「降順」を選択する。
7. ［レベルの追加］をクリックする。
8. ［次に優先されるキー］の［列］に「発券枚数」、［順序］に「小さい順」を選択する。
9. ［OK］をクリックする。
10. 表が並べ替えされたことを確認する。"
1,7,4,3,"シート［旅行年間］の「予約増減」の列に、アイコンセット「3種類の星」を設定します。","1. シート［旅行年間］を選択する。
2. セル範囲【O5:O10】を選択する。
3. ［ホーム］タブをクリックする。
4. ［条件付き書式］をクリックする。
5. ［アイコンセット］をポイントする。
6. ［3種類の星］をクリックする。
7. アイコンセットが設定されたことを確認する。"
1,7,4,4,"シート［旅行年間］の「4月」から「3月」の列に、「青、白、赤のカラースケール」を設定します。","1. シート［旅行年間］を選択する。
2. セル範囲【B5:M10】を選択する。
3. ［ホーム］タブをクリックする。
4. ［条件付き書式］をクリックする。
5. ［カラースケール］をポイントする。
6. ［青、白、赤のカラースケール］をクリックする。"
1,7,4,5,"シート「航空券明細」のヘッダーの右にシート名を挿入します。","1. シート［航空券明細］を選択する。
2. ［挿入］タブをクリックする。
3. ［ヘッダーとフッター］をクリックする。
4. ［ヘッダーとフッター］タブが表示されたことを確認する。
5. ページ上部の右側のヘッダー領域をクリックする。
6. ［シート名］をクリックする。
7. ヘッダーの右側に「&[シート名]」が挿入されたことを確認する。
8. 表内の任意のセルを選択する。
9. ［表示］タブをクリックする。
10. ［標準］をクリックする。
11. 標準表示に戻ったことを確認する。"
1,7,4,6,"シート「航空券明細」のフッターの左に、文字列「取扱注意」を挿入します。","1. シート［航空券明細］を選択する。
2. ［挿入］タブをクリックする。
3. ［ヘッダーとフッター］をクリックする。
4. ［ヘッダーとフッター］タブが表示されたことを確認する。
5. ページ下部の左側のフッター領域をクリックする。
6. 「取扱注意」と入力する。
7. 表内の任意のセルを選択する。
8. ［表示］タブをクリックする。
9. ［標準］をクリックする。
10. 標準表示に戻ったことを確認する。"
1,7,4,7,"ブックにアクセシビリティチェックを実行し、おすすめアクションから、負の数に黒い三角形を表示する形式を選択します。正解の形式が複数ある場合があります。","1. ［ファイル］タブをクリックする。
2. ［情報］をクリックする。
3. ［問題のチェック］をクリックする。
4. ［アクセシビリティのチェック］をクリックする。
5. アクセシビリティチェックの結果が表示されたことを確認する。
6. おすすめアクションから［セルの書式設定］をクリックする。
7. ［負の数表示形式］から、負の数に黒い三角形を表示する形式を選択する。
8. ［OK］をクリックする。
9. アクセシビリティチェックが完了したことを確認する。"
1,7,5,1,"シート［受講集計報告］の数式を表示します。","1. シート［受講集計報告］を選択する。
2. 数式を表示する。
3. 数式が表示されたことを確認する。"
1,7,5,2,"シート［教材発注明細］の表を「教科」の昇順で並べ替え、「教科」が同じ場合は「発注日」の昇順に並べ替え、さらに「発注日」が同じ場合は「発注数」の降順に並べ替えします。","1. シート［教材発注明細］を選択する。
2. 表内の任意のセルを選択する。
3. ［データ］タブをクリックする。
4. ［並べ替え］をクリックする。
5. ［最優先されるキー］の［列］に「教科」、［順序］に「昇順」を選択する。
6. ［レベルの追加］をクリックする。
7. ［次に優先されるキー］の［列］に「発注日」、［順序］に「古い順」を選択する。
8. ［レベルの追加］をクリックする。
9. ［次に優先されるキー］の［列］に「発注数」、［順序］に「大きい順」を選択する。
10. ［OK］をクリックする。
11. 表が並べ替えされたことを確認する。"
1,7,5,3,"シート［教材発注明細］の「在庫増減」の列に、アイコンセット「3つの記号（丸囲みなし）」を設定します。","1. シート［教材発注明細］を選択する。
2. セル範囲【G5:G24】を選択する。
3. ［ホーム］タブをクリックする。
4. ［条件付き書式］をクリックする。
5. ［アイコンセット］をポイントする。
6. ［3つの記号（丸囲みなし）］をクリックする。
7. アイコンセットが設定されたことを確認する。"
1,7,5,4,"シート［半期集計］の「4月」から「9月」の列に、「緑、白、赤のカラースケール」を設定します。","1. シート［半期集計］を選択する。
2. セル範囲【C4:H9】を選択する。
3. ［ホーム］タブをクリックする。
4. ［条件付き書式］をクリックする。
5. ［カラースケール］をポイントする。
6. ［緑、白、赤のカラースケール］をクリックする。
7. カラースケールが設定されたことを確認する。"
1,7,5,5,"シート「教材発注明細」のヘッダーの左に現在の日付を挿入します。","1. シート［教材発注明細］を選択する。
2. ［挿入］タブをクリックする。
3. ［ヘッダーとフッター］をクリックする。
4. ページ上部の左側のヘッダー領域をクリックする。
5. ［現在の日付］をクリックする。
6. ヘッダーの左側に「&[日付]」が挿入されたことを確認する。
7. 表内の任意のセルを選択する。
8. ［表示］タブをクリックする。
9. ［標準］をクリックする。
10. 標準表示に戻ったことを確認する。"
1,7,5,6,"シート「教材発注明細」のフッターに挿入されている「ページ番号」を削除します。","1. シート［教材発注明細］を選択する。
2. ［挿入］タブをクリックする。
3. ［ヘッダーとフッター］をクリックする。
4. ページ下部の中央のフッター領域をクリックする。
5. 挿入されているページ番号を選択し、Deleteキーを押す。
6. フッターの中央のページ番号が削除されたことを確認する。
7. 表内の任意のセルを選択する。
8. ［表示］タブをクリックする。
9. ［標準］をクリックする。
10. 標準表示に戻ったことを確認する。"
1,7,5,7,"ブックにアクセシビリティチェックを実行し、おすすめアクションから、負の数に赤いマイナス記号を表示する形式を選択します。正解の形式が複数ある場合があります。","1. ［ファイル］タブをクリックする。
2. ［情報］をクリックする。
3. ［問題のチェック］をクリックする。
4. ［アクセシビリティのチェック］をクリックする。
5. アクセシビリティチェックの結果が表示されたことを確認する。
6. ［セルの書式設定］をクリックする。
7. ［負の数表示形式］から、負の数に赤いマイナス記号を表示する形式を選択する。
8. ［OK］をクリックする。
9. アクセシビリティチェックが完了したことを確認する。"
1,8,1,1,"シート［フェア売上］のセル【M6】の数式をコピーして、「催事合計」の列を完成させます。","1. シート［フェア売上］を選択する。
2. セル【M6】を選択する。
3. セル【M6】右下のフィルハンドル（■）を【M15】までドラッグする。
4. 各行の合計が表示されていることを確認する。"
1,8,1,2,"シート［フェア売上］のセル【M3】に、関数を使って「1日目」から「10日目」の「最高来客数」を算出します。","1. シート［フェア売上］を選択する。
2. セル【M3】を選択する。
3. 「=ma」と入力し、一覧から［MAX］をダブルクリックする。
4. ［関数の挿入］をクリックする。
5. セル範囲【C6:L15】をドラッグする。
6. ［OK］をクリックする。
7. 1日目～10日目の中で最も大きい値が表示されていることを確認する。"
1,8,1,3,"シート［バリスタ検定］のセル【J4】に、関数を使って「参加者」を算出します。参加者は「実施回数」の個数で求めます。","1. シート［バリスタ検定］を選択する。
2. セル【J4】を選択する。
3. 「=cou」と入力し、一覧から［COUNT］をダブルクリックする。
4. ［関数の挿入］をクリックする。
5. セル範囲【D4:D23】をドラッグする。
6. ［OK］をクリックする。
7. 参加者数が表示されていることを確認する。"
1,8,1,4,"シート［バリスタ検定］のセル【K4】に、関数を使って「未記入者」を算出してください。未記入者は「実施回数」が入力されていないセルの個数で求めます。","1. シート［バリスタ検定］を選択する。
2. セル【K4】を選択する。
3. 「=cou」と入力し、一覧から［COUNTBLANK］をダブルクリックする。
4. ［関数の挿入］をクリックする。
5. セル範囲【D4:D23】をドラッグする。
6. ［OK］をクリックする。
7. 未記入者の空欄セル数が表示されていることを確認する。"
1,8,1,5,"シート［バリスタ検定］の「班」の列に、関数を使って1から4までのランダムな番号を表示します。","1. シート［バリスタ検定］を選択する。
2. セル【G4】を選択する。
3. 「=ran」と入力し、一覧から［RANDBETWEEN］をダブルクリックする。
4. ［関数の挿入］をクリックする。
5. ［最小値］に「1」と入力する。
6. ［最大値］に「4」と入力する。
7. ［OK］をクリックする。
8. セル【G4】右下のフィルハンドル（■）を【G23】までドラッグする。
9. 1～4のランダムな整数が表示されていることを確認する。"
1,8,1,6,"シート［バリスタ検定］の「店舗略称」の列に、関数を使って「店舗コード」の左端から2文字を表示します。","1. シート［バリスタ検定］を選択する。
2. セル【H4】を選択する。
3. 「=le」と入力し、一覧から［LEFT］をダブルクリックする。
4. ［関数の挿入］をクリックする。
5. セル【C4】をクリックする。
6. ［文字数］に「2」と入力する。
7. ［OK］をクリックする。
8. セル【H4】右下のフィルハンドル（■）を【H23】までドラッグする。
9. 店舗コードの左端2文字が表示されていることを確認する。"
1,8,1,7,"シート［試飲申込］の「メニュー一覧」の列に、関数を使って「メニュー名」を重複しないように表示します。","1. シート［試飲申込］を選択する。
2. セル【D5】を選択する。
3. 「=un」と入力し、一覧から［UNIQUE］をダブルクリックする。
4. ［関数の挿入］をクリックする。
5. セル範囲【B5:B30】をドラッグする。
6. ［OK］をクリックする。
7. メニュー一覧に重複のない一覧が表示されていることを確認する。"
1,8,2,1,"シート［健診売上］のセル【H5】の数式をコピーして、「健診合計」の列を完成させます。","1. シート［健診売上］を選択する。
2. セル【H5】を選択する。
3. セル【H5】右下のフィルハンドル（■）を【H14】までドラッグする。
4. 健診合計が表示されていることを確認する。"
1,8,2,2,"シート［健診売上］のセル【J5】に、関数を使って「月」から「木」の「最大件数」を算出します。","1. シート［健診売上］を選択する。
2. セル【J5】を選択する。
3. 「=ma」と入力し、一覧から［MAX］をダブルクリックする。
4. ［関数の挿入］をクリックする。
5. セル範囲【D5:G14】をドラッグする。
6. ［OK］をクリックする。
7. 月～木の中で最も大きい値が表示されていることを確認する。"
1,8,2,3,"シート［技能検定結果］のセル【H6】に、関数を使って「登録者」を算出します。登録者は「所属」に入力されている文字列の個数で求めます。","1. シート［技能検定結果］を選択する。
2. セル【H6】を選択する。
3. 「=cou」と入力し、一覧から［COUNTA］をダブルクリックする。
4. ［関数の挿入］をクリックする。
5. セル範囲【C10:C31】をドラッグする。
6. ［OK］をクリックする。
7. 登録者数が表示されていることを確認する。"
1,8,2,4,"シート［技能検定結果］のセル【I6】に、関数を使って「未登録者」を算出してください。未登録者は「所属」が入力されていないセルの個数で求めます。","1. シート［技能検定結果］を選択する。
2. セル【I6】を選択する。
3. 「=cou」と入力し、一覧から［COUNTBLANK］をダブルクリックする。
4. ［関数の挿入］をクリックする。
5. セル範囲【C10:C31】をドラッグする。
6. ［OK］をクリックする。
7. 未登録者の空欄セル数が表示されていることを確認する。"
1,8,2,5,"シート［技能検定結果］の「チーム」の列に、関数を使って1から9までのランダムな番号を表示します。","1. シート［技能検定結果］を選択する。
2. セル【H10】を選択する。
3. 「=ran」と入力し、一覧から［RANDBETWEEN］をダブルクリックする。
4. ［関数の挿入］をクリックする。
5. ［最小値］に「1」と入力する。
6. ［最大値］に「9」と入力する。
7. ［OK］をクリックする。
8. セル【H10】右下のフィルハンドル（■）を【H31】までドラッグする。
9. 1～9のランダムな整数が表示されていることを確認する。"
1,8,2,6,"シート［技能検定結果］の「診療科略称」の列に、関数を使って「職員ID」の右端から3文字を表示します。","1. シート［技能検定結果］を選択する。
2. セル【I10】を選択する。
3. 「=ri」と入力し、一覧から［RIGHT］をダブルクリックする。
4. ［関数の挿入］をクリックする。
5. セル【D10】をクリックする。
6. ［文字数］に「3」と入力する。
7. ［OK］をクリックする。
8. セル【I10】右下のフィルハンドル（■）を【I31】までドラッグする。
9. 職員IDの右端3文字が表示されていることを確認する。"
1,8,2,7,"シート［健診申込］の「診療科一覧」の列に、関数を使って「診療科」を重複しないように表示します。","1. シート［健診申込］を選択する。
2. セル【F4】を選択する。
3. 「=un」と入力し、一覧から［UNIQUE］をダブルクリックする。
4. ［関数の挿入］をクリックする。
5. セル範囲【C4:C30】をドラッグする。
6. ［OK］をクリックする。
7. 診療科一覧に重複のない一覧が表示されていることを確認する。"
1,8,3,1,"シート［展示会売上］のセル【G7】の数式をコピーして、「出荷合計」の列を完成させます。","1. シート［展示会売上］を選択する。
2. セル【G7】を選択する。
3. セル【G7】右下のフィルハンドル（■）を【G15】までドラッグする。
4. 出荷合計が表示されていることを確認する。"
1,8,3,2,"シート［展示会売上］のセル【B4】に、関数を使って「出荷合計」の「最低売上」を算出します。","1. シート［展示会売上］を選択する。
2. セル【B4】を選択する。
3. 「=mi」と入力し、一覧から［MIN］をダブルクリックする。
4. ［関数の挿入］をクリックする。
5. セル範囲【G7:G15】をドラッグする。
6. ［OK］をクリックする。
7. 第1班～第4班の中で最も小さい値が表示されていることを確認する。"
1,8,3,3,"シート［技能査定結果］のセル【B27】に、関数を使って「受験者数」を算出します。受験者は「点数」に入力されている数値の個数で求めます。","1. シート［技能査定結果］を選択する。
2. セル【B27】を選択する。
3. 「=cou」と入力し、一覧から［COUNT］をダブルクリックする。
4. ［関数の挿入］をクリックする。
5. セル範囲【E5:E22】をドラッグする。
6. ［OK］をクリックする。
7. 受験者数が表示されていることを確認する。"
1,8,3,4,"シート［技能査定結果］のセル【C27】に、関数を使って「未受験者数」を算出してください。未受験者数は「点数」が入力されていないセルの個数で求めます。","1. シート［技能査定結果］を選択する。
2. セル【C27】を選択する。
3. 「=cou」と入力し、一覧から［COUNTBLANK］をダブルクリックする。
4. ［関数の挿入］をクリックする。
5. セル範囲【E5:E22】をドラッグする。
6. ［OK］をクリックする。
7. 未受験者数が表示されていることを確認する。"
1,8,3,5,"シート［技能査定結果］の「グループ」の列に、関数を使って1から3までのランダムな番号を表示します。","1. シート［技能査定結果］を選択する。
2. セル【G5】を選択する。
3. 「=ran」と入力し、一覧から［RANDBETWEEN］をダブルクリックする。
4. ［関数の挿入］をクリックする。
5. ［最小値］に「1」と入力する。
6. ［最大値］に「3」と入力する。
7. ［OK］をクリックする。
8. セル【G5】右下のフィルハンドル（■）を【G22】までドラッグする。
9. 1～3のランダムな整数が表示されていることを確認する。"
1,8,3,6,"シート［技能査定結果］の「工場略称」の列に、関数を使って「工場コード」の左端から3文字を表示します。","1. シート［技能査定結果］を選択する。
2. セル【H5】を選択する。
3. 「=le」と入力し、一覧から［LEFT］をダブルクリックする。
4. ［関数の挿入］をクリックする。
5. セル【C5】をクリックする。
6. ［文字数］に「3」と入力する。
7. ［OK］をクリックする。
8. セル【H5】右下のフィルハンドル（■）を【H22】までドラッグする。
9. 工場コードの左端3文字が表示されていることを確認する。"
1,8,3,7,"シート［製品一覧］の「製品名」の列に、関数を使って「購入履歴」を重複しないように表示します。","1. シート［製品一覧］を選択する。
2. セル【B6】を選択する。
3. 「=un」と入力し、一覧から［UNIQUE］をダブルクリックする。
4. ［関数の挿入］をクリックする。
5. セル範囲【E6:E29】をドラッグする。
6. ［OK］をクリックする。
7. 製品名に重複のない一覧が表示されていることを確認する。"
1,8,4,1,"シート［旅行フェア売上］のセル【K7】の数式をコピーして、「平均」の列を完成させます。","1. シート［旅行フェア売上］を選択する。
2. セル【K7】を選択する。
3. セル【K7】右下のフィルハンドル（■）を【K15】までドラッグする。
4. 平均が表示されていることを確認する。"
1,8,4,2,"シート［旅行フェア売上］のセル【K3】に、関数を使って「月曜日」から「日曜日」の「最高予約数」を算出します。","1. シート［旅行フェア売上］を選択する。
2. セル【K3】を選択する。
3. 「=ma」と入力し、一覧から［MAX］をダブルクリックする。
4. ［関数の挿入］をクリックする。
5. セル範囲【D7:J16】をドラッグする。
6. ［OK］をクリックする。
7. 月曜日～日曜日の中で最も大きい値が表示されていることを確認する。"
1,8,4,3,"シート［ツアー名簿］のセル【O4】に、関数を使って「入金者数」を算出します。入金者数は「入金」に入力されている文字列の個数で求めます。","1. シート［ツアー名簿］を選択する。
2. セル【O4】を選択する。
3. 「=cou」と入力し、一覧から［COUNTA］をダブルクリックする。
4. ［関数の挿入］をクリックする。
5. ［範囲］にセル範囲【J4:J28】を指定する。
6 ［OK］をクリックする。
7. 入金済の件数が表示されていることを確認する。"
1,8,4,4,"シート［ツアー名簿］のセル【O7】に、関数を使って「参加区分なし」を算出してください。参加区分なしは「参加区分」が空欄のセルの個数で求めます。","1. シート［ツアー名簿］を選択する。
2. セル【O7】を選択する。
3. 「=cou」と入力し、一覧から［COUNTBLANK］をダブルクリックする。
4. ［関数の挿入］をクリックする。
5. セル範囲【F4:F28】をドラッグする。
6. ［OK］をクリックする。
7. 参加区分なしの空欄セル数が表示されていることを確認する。"
1,8,4,5,"シート［ツアー名簿］の「グループ」の列に、関数を使って1から7までのランダムな番号を表示します。","1. シート［ツアー名簿］を選択する。
2. セル【K4】を選択する。
3. 「=ran」と入力し、一覧から［RANDBETWEEN］をダブルクリックする。
4. ［関数の挿入］をクリックする。
5. ［最小値］に「1」と入力する。
6. ［最大値］に「7」と入力する。
7. ［OK］をクリックする。
8. セル【K4】右下のフィルハンドル（■）を【K28】までドラッグする。
9. 1～7のランダムな整数が表示されていることを確認する。"
1,8,4,6,"シート［ツアー名簿］の「地域略称」の列に、関数を使って「地域コード」の右端から3文字を表示します。","1. シート［ツアー名簿］を選択する。
2. セル【L4】を選択する。
3. 「=ri」と入力し、一覧から［RIGHT］をダブルクリックする。
4. ［関数の挿入］をクリックする。
5. セル【C4】をクリックする。
6. ［文字数］に「3」と入力する。
7. ［OK］をクリックする。
8. セル【L4】右下のフィルハンドル（■）を【L28】までドラッグする。
9. 地域コードの右端3文字が表示されていることを確認する。"
1,8,4,7,"シート［ツアー申込］の「ツアー名」の列に、関数を使って「ツアー名」を重複しないように表示します。","1. シート［ツアー申込］を選択する。
2. セル【K3】を選択する。
3. 「=un」と入力し、一覧から［UNIQUE］をダブルクリックする。
4. ［関数の挿入］をクリックする。
5. セル範囲【C4:C28】をドラッグする。
6. ［OK］をクリックする。
7. ツアー名に重複のない一覧が表示されていることを確認する。"
1,8,5,1,"シート［クラス数一覧］のセル【J6】の数式をコピーして、「平均」の列を完成させます。","1. シート［クラス数一覧］を選択する。
2. セル【J6】を選択する。
3. セル【J6】右下のフィルハンドル（■）を【J29】までドラッグする。
4. 平均が表示されていることを確認する。"
1,8,5,2,"シート［クラス数一覧］のセル【B3】に、関数を使って「国語」から「社会」の「最大クラス数」を算出します。","1. シート［クラス数一覧］を選択する。
2. セル【B3】を選択する。
3. 「=ma」と入力し、一覧から［MAX］をダブルクリックする。
4. ［関数の挿入］をクリックする。
5. セル範囲【D6:H29】をドラッグする。
6. ［OK］をクリックする。
7. 国語～社会の中で最も大きい値が表示されていることを確認する。"
1,8,5,3,"シート［模擬試験結果］のセル【K3】に、関数を使って「受験者数」を算出します。受験者数は「点数」に入力されている数値の個数で求めます。","1. シート［模擬試験結果］を選択する。
2. セル【K3】を選択する。
3. 「=cou」と入力し、一覧から［COUNT］をダブルクリックする。
4. ［関数の挿入］をクリックする。
5. セル範囲【D4:D27】をドラッグする。
6. ［OK］をクリックする。
7. 受講登録者数が表示されていることを確認する。"
1,8,5,4,"シート［模擬試験結果］のセル【L3】に、関数を使って「未受験者数」を算出します。未受験者数は「点数」が入力されていないセルの個数で求めます。","1. シート［模擬試験結果］を選択する。
2. セル【L3】を選択する。
3. 「=cou」と入力し、一覧から［COUNTBLANK］をダブルクリックする。
4. ［関数の挿入］をクリックする。
5. セル範囲【D4:D27】をドラッグする。
6. ［OK］をクリックする。
7. 未登録者数が表示されていることを確認する。"
1,8,5,5,"シート［模擬試験結果］の「ゼミ」の列に、関数を使って1から5までのランダムな番号を表示します。","1. シート［模擬試験結果］を選択する。
2. セル【G4】を選択する。
3. 「=ran」と入力し、一覧から［RANDBETWEEN］をダブルクリックする。
4. ［関数の挿入］をクリックする。
5. ［最小値］に「1」と入力する。
6. ［最大値］に「5」と入力する。
7. ［OK］をクリックする。
8. セル【G4】右下のフィルハンドル（■）を【G27】までドラッグする。
9. 1～5のランダムな整数が表示されていることを確認する。"
1,8,5,6,"シート［模擬試験結果］の「教室略称」の列に、関数を使って「生徒番号」の右端から2文字を表示します。","1. シート［模擬試験結果］を選択する。
2. セル【I4】を選択する。
3. 「=ri」と入力し、一覧から［RIGHT］をダブルクリックする。
4. ［関数の挿入］をクリックする。
5. セル【C4】をクリックする。
6. ［文字数］に「2」と入力する。
7. ［OK］をクリックする。
8. セル【I4】右下のフィルハンドル（■）を【I27】までドラッグする。
9. 生徒番号の右端2文字が表示されていることを確認する。"
1,8,5,7,"シート［講座申込］の「取り扱い講座」の列に、関数を使って「申し込み講座履歴」を重複しないように表示します。","1. シート［講座申込］を選択する。
2. セル【B5】を選択する。
3. 「=un」と入力し、一覧から［UNIQUE］をダブルクリックする。
4. ［関数の挿入］をクリックする。
5. セル範囲【G5:G32】をドラッグする。
6. ［OK］をクリックする。
7. 取り扱い講座に重複のない一覧が表示されていることを確認する。"
1,9,1,1,"シート［スタッフ名簿］のセル範囲【C4:C21】に、「スタッフ名」の名前を定義します。","1. シート［スタッフ名簿］を選択する。
2. セル範囲【C4:C21】を選択する。
3. 名前ボックス内をクリックし、「スタッフ名」と入力する。
4. Enterキーを押して入力を確定する。
5. セル範囲【C4:C21】に名前が定義されたことを確認する。"
1,9,1,2,"名前付き範囲「代表店舗」に移動し、「駅前店」に変更します。","1. 名前ボックスの▽をクリックする。
2. 「代表店舗」を選択する。
3. 選択されたセルに「駅前店」と入力する。
4. 「駅前店」に変更されたことを確認する。"
1,9,1,3,"シート［売上集計報告］のセル【G3】に、関数を使用して全地区の来客総合計を求めます。ただし、セル参照や数値は使用せず、名前付き範囲「来客合計」を使用します。","1. シート［売上集計報告］を選択する。
2. セル【G3】を選択する。
3. 「=su」と入力し、一覧から［SUM］をダブルクリックする。
4. ［関数の挿入］をクリックする。
5. ［数式］タブをクリックする。
6. ［数式で使用］をクリックし、一覧から「来客合計」をクリックする。
7. ［OK］をクリックする。
8. 全地区の来客総合計が表示されたを確認する。"
1,9,1,4,"シート［スタッフ名簿］の「店舗班」の列に関数を使って「店舗」と「班」の文字列を結合して表示します。","1. シート［スタッフ名簿］を選択する。
2. セル【E4】を選択する。
3. 「=co」と入力し、一覧から［CONCAT］をダブルクリックする。
4. ［関数の挿入］をクリックする。
5. ［テキスト1］にセル【B4】を指定する。
6. ［テキスト2］にセル【D4】を指定する。
7. ［OK］をクリックする。
8. セル【E4】右下のフィルハンドル（■）を【E21】までドラッグする。
9. 「店舗」と「班」を結合した文字列が表示されたことを確認する。"
1,9,1,5,"シート［仕入先リスト］の「取扱番号」の列に、関数を使って「NO」の列と文字列「ST」をつなげて表示します。","1. シート［仕入先リスト］を選択する。
2. セル【C4】を選択する。
3. 「=co」と入力し、一覧から［CONCAT］をダブルクリックする。
4. ［関数の挿入］をクリックする。
5. ［テキスト1］にセル【A4】を指定する。
6. ［テキスト2］に「ST」と入力する。
7. ［OK］をクリックする。
8. セル【C4】右下のフィルハンドル（■）を【C13】までドラッグする。
9. [NO」と文字列「ST」を結合した文字列が表示されたことを確認する。"
1,9,1,6,"シート［試飲申込］の「所属」の列に、関数を使って「エリア」の列のデータ、半角の「 / 」、「店舗」の列のデータを組み合わせて表示します。例）名古屋 / 駅前","1. シート［試飲申込］を選択する。
2. セル【D4】を選択する。
3. 「=co」と入力し、一覧から［CONCAT］をダブルクリックする。
4. ［関数の挿入］をクリックする。
5. ［テキスト1］にセル【B4】を指定する。
6. ［テキスト2］に「 / 」と入力する。
7. ［テキスト3］にセル【C4】を指定する。
8. ［OK］をクリックする。
9. セル【D4】右下のフィルハンドル（■）を【D21】までドラッグする。
10. 「エリア」と「店舗」を「 / 」で組み合わせた文字列が表示されたことを確認する。"
1,9,2,1,"シート［職員名簿］のセル範囲【D5:D27】に、「職員名」の名前を定義します。","1. シート［職員名簿］を選択する。
2. セル範囲【D5:D27】を選択する。
3. 名前ボックス内をクリックし、「職員名」と入力する。
4. Enterキーを押して入力を確定する。
5. セル範囲【D5:D27】に名前が定義されたことを確認する。"
1,9,2,2,"名前付き範囲「健診会場」に移動し、「本院ホール」に変更します。","1. 名前ボックスをクリックする。
2. 名前「健診会場」を選択する。
3. 選択されたセルに「本院ホール」と入力する。
4. セルの内容が「本院ホール」に変更されたことを確認する。"
1,9,2,3,"シート［診療集計報告］のセル【G14】に、関数を使用して全地区の診療合計を求めます。ただし、セル参照や数値は使用せず、名前付き範囲「診療合計」を使用します。","1. シート［診療集計報告］を選択する。
2. セル【G14】を選択する。
3. 「=su」と入力し、一覧から［SUM］をダブルクリックする。
4. ［関数の挿入］をクリックする。
5. ［数式］タブをクリックする。
6. ［数式で使用］をクリックし、一覧から「診療合計」をクリックする。
7. ［OK］をクリックする。
8. 全地区の診療合計が表示されていることを確認する。"
1,9,2,4,"シート［職員名簿］の「診療科専門」の列に、関数を使って「診療科-専門分野」と表示します。「-」は半角入力します。","1. シート［職員名簿］を選択する。
2. セル【F5】を選択する。
3. 「=co」と入力し、一覧から［CONCAT］をダブルクリックする。
4. ［関数の挿入］をクリックする。
5. ［テキスト1］にセル【C5】を指定する。
6. ［テキスト2］に「-」と入力する。
7. ［テキスト3］にセル【E5】を指定する。
8. ［OK］をクリックする。
9. セル【F5】右下のフィルハンドル（■）を【F27】までドラッグする。
10. 「診療科-専門分野」の形式で表示されたことを確認する。"
1,9,2,5,"シート［協力会社リスト］の「社員コード」の列に、関数を使って、文字列「M-」と「番号」の列のデータをつなげて表示します。「-」は半角のハイフンを使用します。例）M-1","1. シート［協力会社リスト］を選択する。
2. セル【D3】を選択する。
3. 「=co」と入力し、一覧から［CONCAT］をダブルクリックする。
4. ［関数の挿入］をクリックする。
5. ［テキスト1］に「M-」と入力する。
6. ［テキスト2］にセル【A3】を指定する。
7. ［OK］をクリックする。
8. 「M-」と「番号」を組み合わせた文字列が表示されたことを確認する。"
1,9,2,6,"シート［健診申込］の「所属」の列に、関数を使って「エリア」の列のデータ、半角の「 & 」、「診療科」の列のデータを組み合わせて表示します。 例）名古屋 & 内科","1. シート［健診申込］を選択する。
2. セル【E4】を選択する。
3. 「=co」と入力し、一覧から［CONCAT］をダブルクリックする。
4. ［関数の挿入］をクリックする。
5. ［テキスト1］にセル【C4】を指定する。
6. ［テキスト2］に「 & 」と入力する。
7. ［テキスト3］にセル【D4】を指定する。
8. ［OK］をクリックする。
9. 「エリア」と「診療科」を「 & 」で組み合わせた文字列が表示されたことを確認する。"
1,9,3,1,"シート［社員名簿］のセル範囲【D4:D23】に、「作業者名」の名前を定義します。","1. シート［社員名簿］を選択する。
2. セル範囲【D4:D23】を選択する。
3. 名前ボックス内をクリックし、「作業者名」と入力する。
4. Enterキーを押して入力を確定する。
5. セル範囲【D4:D23】に名前が定義されたことを確認する。"
1,9,3,2,"名前付き範囲「本社」に移動し、「東京都中央区」に変更します。","1. 名前ボックスをクリックする。
2. 名前「本社」を選択する。
3. 選択されたセルに「東京都中央区」と入力する。
4. セルの内容が「東京都中央区」に変更されたことを確認する。"
1,9,3,3,"シート［生産集計報告］のセル【J3】に、関数を使用して全製品の出荷数合計を求めます。ただし、セル参照や数値は使用せず、名前付き範囲「出荷数」を使用します。","1. シート［生産集計報告］を選択する。
2. セル【J3】を選択する。
3. 「=su」と入力し、一覧から［SUM］をダブルクリックする。
4. ［関数の挿入］をクリックする。
5. ［数式］タブをクリックする。
6. ［数式で使用］をクリックし、一覧から「出荷数」をクリックする。
7. ［OK］をクリックする。
8. 全製品の出荷数合計が表示されていることを確認する。"
1,9,3,4,"シート［社員名簿］の「工場ライン」の列に、関数を使って「工場」と「ライン」の列を結合して表示します。","1. シート［社員名簿］を選択する。
2. セル【E4】を選択する。
3. 「=co」と入力し、一覧から［CONCAT］をダブルクリックする。
4. ［関数の挿入］をクリックする。
5. ［テキスト1］にセル【B4】を指定する。
6. ［テキスト2］にセル【C4】を指定する。
7. ［OK］をクリックする。
8. セル【E4】右下のフィルハンドル（■）を【E23】までドラッグする。
9. 「工場」の列のデータと「ライン」の列のデータを結合した文字列が表示されたことを確認する。"
1,9,3,5,"シート［取引先リスト］の「表示番号」の列に、関数を使って文字列「MK-」と「業種」の列のデータをつなげて表示します。","1. シート［取引先リスト］を選択する。
2. セル【G4】を選択する。
3. 「=co」と入力し、一覧から［CONCAT］をダブルクリックする。
4. ［関数の挿入］をクリックする。
5. ［テキスト1］に「MK-」と入力する。
6. ［テキスト2］にセル【D4】を指定する。
7. ［OK］をクリックする。
8. 文字列「MK-」と「業種」の列のデータを結合した文字列が表示されたことを確認する。"
1,9,3,6,"シート［見学申込］の「備考」の列に、関数を使って「工場」の列のデータ、文字列「 × 」、「ライン」の列のデータを組み合わせて表示します。例）第一 × 組立","1. シート［見学申込］を選択する。
2. セル【F5】を選択する。
3. 「=co」と入力し、一覧から［CONCAT］をダブルクリックする。
4. ［関数の挿入］をクリックする。
5. ［テキスト1］にセル【B5】を指定する。
6. ［テキスト2］に「 × 」と入力する。
7. ［テキスト3］にセル【C5】を指定する。
8. ［OK］をクリックする。
9. 「工場」と「ライン」を「 × 」で組み合わせた文字列が表示されたことを確認する。"
1,9,4,1,"シート［社員名簿］のセル範囲【D4:D23】に、「担当者名」の名前を定義します。","1. シート［社員名簿］を選択する。
2. セル範囲【D4:D23】を選択する。
3. 名前ボックス内をクリックし、「担当者名」と入力する。
4. Enterキーを押して入力を確定する。
5. セル範囲【D4:D23】に名前が定義されたことを確認する。"
1,9,4,2,"名前付き範囲「出発空港」に移動し、「成田」に変更します。","1. 名前ボックスをクリックする。
2. 名前付き範囲「出発空港」を選択する。
3. セルに「成田」と入力する。
4. Enterキーを押して入力を確定する。
5. セルに「成田」が入力されたことを確認する。"
1,9,4,3,"シート［予約集計報告］のセル【B3】に、関数を使用して全エリアの予約平均を求めます。ただし、セル参照や数値は使用せず、名前付き範囲「総予約件数」を使用します。","1. シート［予約集計報告］を選択する。
2. セル【B3】を選択する。
3. 「=av」と入力し、一覧から［AVERAGE］をダブルクリックする。
4. ［関数の挿入］をクリックする。
5. ［数式］タブをクリックする。
6. ［数式で使用］をクリックし、一覧から「総予約件数」をクリックする。
7. ［OK］をクリックする。
8. 全エリアの予約平均が表示されたことを確認する。"
1,9,4,4,"シート［社員名簿］の「支店企画」の列に関数を使って「支店」と「企画区分」の文字列を結合して表示します。","1. シート［社員名簿］を選択する。
2. セル【E4】を選択する。
3. 「=co」と入力し、一覧から［CONCAT］をダブルクリックする。
4. ［関数の挿入］をクリックする。
5. ［テキスト1］にセル【B4】を指定する。
6. ［テキスト2］にセル【C4】を指定する。
7. ［OK］をクリックする。
8. セル【C4】右下のフィルハンドル（■）を【C13】までドラッグする。
9. 「支店」と「企画区分」を結合した文字列が表示されたことを確認する。"
1,9,4,5,"シート［提携先リスト］の「予約コード」の列に、関数を使って「予約番号」と「受付番号」の列を半角のハイフンでつなげて表示します。","1. シート［提携先リスト］を選択する。
2. セル【G4】を選択する。
3. 「=co」と入力し、一覧から［CONCAT］をダブルクリックする。
4. ［関数の挿入］をクリックする。
5. ［テキスト1］にセル【E4】を指定する。
6. ［テキスト2］に「-」と入力する。
7. ［テキスト3］にセル【F4】を指定する。
8. ［OK］をクリックする。
9. セル【C4】右下のフィルハンドル（■）を【C13】までドラッグする。
10. 「予約番号」と「受付番号」を「-」で組み合わせた文字列が表示されたことを確認する。"
1,9,4,6,"シート［ツアー申込］の「所属」の列に、関数を使って「支店」と全角の「：」と「企画区分」を組み合わせて表示します。　　例）銀座：企画","1. シート［ツアー申込］を選択する。
2. セル【D3】を選択する。
3. 「=co」と入力し、一覧から［CONCAT］をダブルクリックする。
4. ［関数の挿入］をクリックする。
5. ［テキスト1］にセル【B3】を指定する。
6. ［テキスト2］に「：」と入力する。
7. ［テキスト3］にセル【C3】を指定する。
8. ［OK］をクリックする。
9. セル【C4】右下のフィルハンドル（■）を【C13】までドラッグする。
10. 「支店」と「企画区分」を「:」で組み合わせた文字列が表示されたことを確認する。"
1,9,5,1,"シート［講師名簿］のセル範囲【C4:C23】に、「講師名」の名前を定義します。","1. シート［講師名簿］を選択する。
2. セル範囲【C4:C23】を選択する。
3. 名前ボックス内をクリックし、「講師名」と入力する。
4. Enterキーを押して入力を確定する。
5. セル範囲【C4:C23】に名前が定義されたことを確認する。"
1,9,5,2,"名前付き範囲「模試会場」に移動し、「池袋校」に変更します。","1. 名前ボックスをクリックする。
2. 名前付き範囲「模試会場」を選択する。
3. セルに「池袋校」と入力する。
4. Enterキーを押して入力を確定する。
5. セルに「池袋校」が入力されたことを確認する。"
1,9,5,3,"シート［講師名簿］のセル【G4】に、関数を使用して「校舎名」の校数を求めます。ただし、セル参照や数値は使用せず、名前付き範囲「校舎名」を使用します。","1. シート［講師名簿］を選択する。
2. セル【G4】を選択する。
3. 「=co」と入力し、一覧から［COUNTA］をダブルクリックする。
4. ［関数の挿入］をクリックする。
5. ［数式］タブをクリックする。
6. ［数式で使用］をクリックし、一覧から「校舎名」をクリックする。
7. ［OK］をクリックする。
8. 校舎名の校数が表示されていることを確認する。"
1,9,5,4,"シート［講師名簿］の「校舎コース」の列に関数を使って「校舎名」と「コース」を全角スペースでつなげて表示します。","1. シート［講師名簿］を選択する。
2. セル【E4】を選択する。
3. 「=co」と入力し、一覧から［CONCAT］をダブルクリックする。
4. ［関数の挿入］をクリックする。
5. ［テキスト1］にセル【A4】を指定する。
6. ［テキスト2］に「　」と入力する。
7. ［テキスト3］にセル【B4】を指定する。
8. ［OK］をクリックする。
9. セル【E4】右下のフィルハンドル（■）を【E23】までドラッグする。
10. 「校舎名」と「コース」を全角スペースで組み合わせた文字列が表示されたことを確認する。"
1,9,5,5,"シート［教材出版社リスト］の「教材コード」の列に、関数を使って、文字列「JK-」と「教材ID」をつなげて表示します。","1. シート［教材出版社リスト］を選択する。
2. セル【E4】を選択する。
3. 「=co」と入力し、一覧から［CONCAT］をダブルクリックする。
4. ［関数の挿入］をクリックする。
5. ［テキスト1］に「JK-」と入力する。
6. ［テキスト2］にセル【C4】を指定する。
7. ［OK］をクリックする。
8. セル【E4】右下のフィルハンドル（■）を【E14】までドラッグする。
9. 文字列「JK-」と「教材ID」を結合した文字列が表示されたことを確認する。"
1,9,5,6,"シート［講座申込］の「所属」の列に、関数を使って「校舎」と文字列「・」と「科目」を組み合わせて表示します。
例）池袋・数学","1. シート［講座申込］を選択する。
2. セル【G3】を選択する。
3. 「=co」と入力し、一覧から［CONCAT］をダブルクリックする。
4. ［関数の挿入］をクリックする。
5. ［テキスト1］にセル【B3】を指定する。
6. ［テキスト2］に「・」と入力する。
7. ［テキスト3］にセル【F3】を指定する。
8. ［OK］をクリックする。
9. セル【G3】右下のフィルハンドル（■）を【G17】までドラッグする。
10. 「校舎」と「科目」を「・」で組み合わせた文字列が表示されたことを確認する。"