# タブボタン対応 | rows=15 maxcol=4
R3			テーブル	テーブルデザインタブ
R4			グラフ	グラフのデザインタブ
R5			印刷	ページレイアウトタブ/ページ設定グループセッテイ
R6			余白	ページレイアウトタブ/余白ボタンヨハク
R7			スパークライン	挿入タブ/スパークライングループソウニュウ
R8			〇行目を固定	表示タブ/ウィンドウ枠の固定ボタンヒョウジワクコテイ
R9			リンク	挿入タブ/リンクボタンソウニュウ
R10			ハイパーリンク	挿入タブ/リンクボタンソウニュウ
R11			プロパティ	ファイルタブ/情報ボタンジョウホウ
R12			数式に名前付き範囲を使う	数式タブ/数式で使用ボタンスウシキスウシキシヨウ
R13			数式を表示	数式タブ/数式を表示ボタンスウシキスウシキヒョウジ
R14			並べ替え	データタブ/並べ替えボタンナラカ
R15			条件付き書式	ホームタブ/条件付き書式ボタンジョウケンツショシキ
R16			アクセシビリティチェック	ファイルタブ/情報ボタンジョウホウ
R17			ヘッダー	挿入タブ/テキストボタンソウニュウ